"","sim_id","true_alpha_game1","fit_alpha_game1","true_alpha_game2","fit_alpha_game2","true_temp_game1","fit_temp_game1","true_temp_game2","fit_temp_game2","true_envy","fit_envy","true_guilt","fit_guilt","neg_log_lik"
"1",1,0.605710601829924,0.735287449790826,0.751079284283332,0.872663550801898,4.25148236050736,5.48512631692312,3.10262027997524,0.1,1.58644833555445,1.37319490922571,0.0342820251826197,0.01,28.2987608291927
"2",2,0.228423690567724,0.0370187537771001,0.56434125659056,0.0406420925181915,3.80758565084543,0.772413613757109,3.38105737499427,0.1,1.09304558858275,1.98436559026054,1.21719548664987,1.15575764696449,58.170813858805
"3",3,0.554207320008427,1,0.280911086071283,1,3.33006983653177,5.46904047203693,1.29283268798608,1.51633087024373,0.576532409526408,0.213899417504736,1.07367143779993,1.18383519310944,32.5575640829985
"4",4,0.9374717748072,0.123951985990608,0.348759024757892,1,2.65804621174466,0.1,0.647271231538616,0.1,1.77194970240816,1.67014613969992,1.43138245982118,1.45201861022126,17.8715983986559
"5",5,0.875625367821194,0.999843207182806,0.194457399048842,0.001,1.15382705936208,0.1,4.36070822856855,15,0.121676112525165,0.01,0.352349401102401,0.750789721805289,50.1704624972393
"6",6,0.966525114364922,0.571816930328802,0.960404117815197,0.0309059361278106,0.533574330992997,0.1,2.54206218256149,0.1,0.791378735564649,3.12755873560673,0.58549789362587,0.854398814492729,12.8074051276318
"7",7,0.3655684967665,1,0.936709706173278,1,2.83576280595735,0.172922063399587,2.61203963935841,1.3160515302082,1.8955433270894,1.56617369260348,0.164702393347397,0.01,13.9694326725497
"8",8,0.350688548558392,1,0.845872258213349,1,0.798912375885993,0.1,1.86122106784023,0.1,0.491010135039687,0.771522212964878,0.0688589197816327,0.01,10.5682352806744
"9",9,0.910648724823259,0.925450289253569,0.898563631260768,1,4.09601286207326,3.79806710037029,1.07878941902891,0.1,0.099251170642674,0.01,0.718422788428143,0.748896841100139,19.5235684001338
"10",10,0.287151751001365,1,0.394215630418621,0.872477196313287,3.39636802244932,11.0440816785459,0.894680369622074,0.1,0.217003806959838,1.91335365110922,0.800166344968602,1.14749703757735,51.661401257602
"11",11,0.381819619848393,0.0075406482261121,0.252613663119264,0.0142405554328514,4.63265937636606,0.1,2.38425606226083,0.1,0.0278833666816354,0.165352754706133,1.41483710717876,1.36556570215671,54.697858628462
"12",12,0.893521282719448,1,0.80515483812429,1,0.853275174135342,0.1,3.67581776636653,4.26240809657571,1.51900586625561,5,0.991229231120087,1.00916548100387,24.8034803142678
"13",13,0.220294722388498,0.0227036519316862,0.910745000801981,0.460286518516253,4.07856481606141,0.545034018451122,4.29496804224327,2.59544783267638,1.6335144918412,1.33183488156538,0.625652535469271,0.636180945328195,52.9904573347979
"14",14,0.380821310775355,1,0.640829970128834,1,0.585455794841983,0.1,0.173810963053256,0.1,0.29713014094159,0.01,1.11796546995174,2,17.6583121148505
"15",15,0.74743057731539,0.676486649684852,0.446176293473691,0.999992038501178,2.32124272787478,2.66285920576933,0.507929210504517,0.771098680440712,0.730338057503104,0.546731918622191,1.34242935874499,1.76550426588275,23.729669226871
"16",16,0.213306458937004,0.84873721723892,0.388556148246862,0.326535277963406,2.75767561628018,4.16951872932655,3.74684010278434,1.46915091525809,0.666664863470942,5,0.487372857285663,0.73293567367934,42.1889434417348
"17",17,0.370068779564463,0.889142408238543,0.488179798233323,0.851579736212754,4.49212417285889,15,2.37273196398746,3.16654693197873,0.418655998073518,0.939658854314133,1.01438444398809,0.89869426443886,66.0960617337744
"18",18,0.833600191548467,1,0.119687795662321,0.00313133111236034,4.32096719299443,5.27891764405038,2.88247131011449,0.1,1.36655783979222,1.16263916240739,1.18440821813419,1.3797289824186,83.4504771806159
"19",19,0.171201875819825,0.00271457981378154,0.100875352001749,0.0118858401210101,3.20120947561227,0.1,3.94546288244892,0.550696671300371,0.118978596292436,5,0.126449482049793,0.0100337427465002,77.6536887536352
"20",20,0.762349737002514,0.611476311118534,0.423897771970369,0.00524805368502443,2.78007450597361,0.291789131573835,4.41454230309464,0.1,1.45525890309364,2.54855803970732,1.12926928326488,1.14969842288346,52.6364256989155
"21",21,0.66708960366901,0.456224657082154,0.747413537735119,0.585948562059649,3.89192830231041,3.81855344564718,3.06532957223244,1.41554511619508,0.781031487043947,0.248774167327654,1.00658635958098,0.894395133849265,42.5793889612754
"22",22,0.705250244070776,1,0.253195612314157,0.0450084036335059,3.27471178423148,3.57034161529529,0.920796654652804,0.1,1.5447853570804,5,0.719013608526438,0.775527674923472,32.7218008381327
"23",23,0.609408788336441,0.759410690437131,0.318701467788778,0.0185213656730572,4.32586456295103,3.76060704039239,1.75470990487374,0.1,1.34324678778648,2.11426190939394,1.34927263227291,1.7414135157583,52.323577115986
"24",24,0.501962681594305,0.112511510087298,0.488398569440469,0.820714219465727,4.37680030362681,0.879794521204359,1.04225854335818,2.87699600962983,1.51940661668777,5,0.329101617797278,0.148586124637041,24.8598327116088
"25",25,0.0812823884142563,0.00311501153561764,0.965150717217475,1,4.02636674134992,0.1,4.46591290582437,2.57215012162031,1.03743286803365,0.886839601338093,0.515110681531951,0.80258761695357,60.0760214712937
"26",26,0.525318072717637,1,0.254290260570124,1,3.74091662508436,0.1,2.69893857582938,5.67229701028473,0.272673736326396,0.173211819967995,0.360421780846082,0.891124324320722,42.2247049012
"27",27,0.838982427897863,0.818480307436972,0.970077562467195,0.985503740614739,0.658549357065931,0.1,1.63850941269193,0.1,1.88935346249491,4.7452266554161,0.962317329598591,0.974083828867512,20.8771879389243
"28",28,0.248998017199337,0.00939193439552159,0.407427490926348,1,3.54664766946808,0.1,0.660659362189472,0.1,0.269512076396495,0.199488049770312,1.47671520325821,1.45384395507015,26.9127202206226
"29",29,0.171215926548466,0.957826268408599,0.283808391084895,0.0233434877057496,0.847415153915063,0.1,2.20164926503785,0.1,0.424158841837198,3.06810759367556,0.116993443574756,0.01,12.1344275609069
"30",30,0.489778557536192,0.011621507325648,0.541764598106965,0.982252615762681,2.33603324920405,0.1,0.939999977312982,0.1,1.42968055047095,2.22782658257266,1.35903169820085,1.22752251515852,38.0538256169185
"31",31,0.599407108724117,1,0.929750384087674,0.0756259313313296,4.95912272620481,14.5184445588321,2.99800719523337,0.402873833805744,1.58984257793054,4.54688846572503,0.131619062041864,0.219819166280007,42.5486269519614
"32",32,0.473193840370513,1,0.870045337215997,1,4.22475774183404,10.2593227336979,0.950632949895226,0.1,1.44919016072527,0.01,0.639647289994173,0.768832458266481,22.3417597472014
"33",33,0.0823097036546096,0.00359808666003047,0.712512772935443,0.867125785478828,1.28978052719031,0.1,4.23804935829248,0.830250776231031,1.9906365359202,5,0.15751587075647,0.01,40.7290520264639
"34",34,0.231281312010251,0.352200708325645,0.855540987420827,1,3.64636235975195,6.785122426086,0.850985327945091,0.1,1.70601540151983,0.658056118351034,0.948560904362239,0.789588194217534,49.1108814375424
"35",35,0.372768258834258,0.0147910514217902,0.493532503843307,1,2.87691875325982,0.1,4.77439819902647,0.1,0.361239630263299,0.182508670207048,0.579702871385962,0.787384842325145,21.3945800745248
"36",36,0.0299382198741659,0.001,0.694435409940779,1,4.27357555404305,15,2.39835101331119,0.1,0.520095260348171,0.22487833793836,1.19298781023826,1.19033712367103,53.1695820822065
"37",37,0.658722716830671,0.669244131576116,0.0680991133209318,0.00687555225987108,4.52983043342829,0.1,1.03140849284828,0.1,1.92761862557381,5,0.138768131844699,0.01,34.2681273396089
"38",38,0.562567152846605,0.993874290782849,0.446948976991698,0.548228359625725,4.73170915155206,4.19155963266463,0.473706434946507,0.1,0.654935337137431,1.10095682331535,0.803124752710573,0.842650934178898,24.8208219405852
"39",39,0.237273207008839,0.0874484690442576,0.389311259170063,0.0296500555052357,0.508604852063581,0.135169907804836,1.0071035445435,0.1,1.93405488831922,2.21152062359812,1.02448271610774,0.977515609901697,47.8177703208556
"40",40,0.375000176429749,0.0422921977389982,0.126010474781506,0.0511982921407457,0.757678088452667,0.1,1.16598440902308,0.390582263200415,1.77658913191408,2.44995620153015,1.43961236416362,1.336145681291,42.0267831085296
"41",41,0.599676469536498,0.755617694523179,0.172753934971988,0.158570195752504,3.339072436071,6.96607239287335,2.41461259315256,5.7852832622721,1.69483474176377,2.46052912226282,0.437871495145373,0.01,58.9562747615033
"42",42,0.416440843851306,0.616396117608882,0.155286127035506,0.576408144414124,2.70001461603679,3.17447910684979,3.48300768933259,15,0.960207377094775,0.279594458674123,0.793687732773833,0.85935024894373,57.3883770201674
"43",43,0.726752631608397,1,0.172190576940775,0.361656703237272,3.83629940857645,0.1,3.93509286560584,15,0.403986424207687,1.62474858970646,0.612696236232296,0.510625003359702,48.0536094089144
"44",44,0.228538761241361,0.0117381693704291,0.261834552874789,0.0434163600496525,2.04610786440317,0.1,3.99004589302931,0.277059016202318,1.45749843446538,1.40706856681487,1.39532971882727,1.1502782912308,68.1739005051184
"45",45,0.0203772426582873,0.00587413252291998,0.0492131501622498,0.0664141750838086,1.70449923395645,0.223316392163548,1.99361534821801,12.7622724554068,1.23543432168663,5,0.690569126978517,0.541794007765445,87.7836822020413
"46",46,0.757947690426372,0.938210941672965,0.846903990218416,1,3.82031755868811,8.06418972275755,0.529037546738982,0.1,1.36752186110243,5,0.64916968869511,0.111256151254313,14.4796340650959
"47",47,0.584909113575704,1,0.780387193043716,1,1.94127879925072,4.84055410898978,0.868712128465995,0.1,1.19390479195863,1.02561436351744,0.159529903437942,0.01,16.869917801011
"48",48,0.779231047322974,0.240649089837776,0.360281467856839,0.0387701538147181,2.87555339408573,0.428852668690752,3.76621842237655,0.456243188691627,0.545888332650065,0.623183920867693,0.937736562802456,2,33.7992854734355
"49",49,0.92198321686592,1,0.770374381504953,1,1.7708630142035,0.0999999999999999,1.36445706044324,0.1,0.316188069060445,0.01,1.30644351406954,1.99283715623119,8.77647581194632
"50",50,0.259204987725243,1,0.222736670756713,0.951489486716905,3.38812693662476,11.4185608847153,2.00557965694461,9.76347209189554,1.14193292194977,4.18207535960682,0.164369608042762,0.01,39.3390933439229
"51",51,0.355630310000852,0.00498889980323003,0.930060973437503,0.823432070434149,4.90208497305866,7.12507320370309,0.731528358813375,0.1,1.10993771534413,5,0.860702011850663,0.01,48.3751369006523
"52",52,0.59849492690526,0.998719184315007,0.736678591440432,0.62904791093764,0.182150309742428,0.1,4.74570724158548,4.68412516040369,0.261304151266813,0.01,0.0406069618184119,0.01,16.3947782564874
"53",53,0.369004007047042,0.0152087019101599,0.126223367312923,0.00992816973773796,3.60636301520281,0.1,2.74412403088063,0.456376993604063,1.1642842721194,1.06174001590703,1.35343776759692,1.99537832810183,71.3549795507781
"54",54,0.899753374010325,1,0.29427368610166,0.221850354630744,4.56495302354451,0.1,0.916158105921932,0.858998417409231,1.99470559228212,1.86548510764163,0.994517164654098,0.912044922018209,39.290496504419
"55",55,0.755155316716991,1,0.284781842422672,0.226549077695973,4.58233804332558,3.24122678700048,0.683136650198139,0.60929278725749,0.436535915825516,1.8116528222561,1.16407473175786,1.38428278538899,43.5842746636517
"56",56,0.167866239594296,0.00169576493766143,0.792636545668356,1,4.16593779206742,0.106517121048126,0.901024058321491,0.1,1.22354325046763,1.3783896310157,0.951868667034432,1.04843882456942,53.0176758630611
"57",57,0.32907233777456,0.0101019194164938,0.327492401232012,1,4.89947809160221,0.1,2.21628836323507,0.1,0.653188075870275,1.1717237124892,1.18746146955527,1.21944752970409,48.3084911316452
"58",58,0.513238366115838,1,0.372438220842741,1,0.974134389054962,0.1,4.66102931234054,0.1,0.672494282480329,0.560225323233754,0.486478252918459,0.01,7.16703789991222
"59",59,0.632539112931117,0.246707234113069,0.274532475792803,1,1.6253317178227,0.492506081637752,2.37437564756256,5.34540136143473,0.63216147152707,1.22238703610472,1.10310659988318,1.17470019972699,27.1146149830129
"60",60,0.751064777891152,0.0759094691870114,0.66710474004969,1,3.51893234539311,0.260066671281145,0.568061076523736,0.1,1.06811016239226,0.882040585274516,1.01956115663052,1.01870868388695,24.5666179621908
"61",61,0.180705560361966,0.0280164019794206,0.16642939440906,1,4.40425511114299,0.567457584356961,0.394874148676172,0.1,0.119361721910536,0.168265767549002,1.46313746762462,1.65693955110084,47.1979979759877
"62",62,0.518598912470043,1,0.376476582656614,0.0876197581135693,1.17448090601247,0.1,4.41987285232171,1.27257934637294,1.38602532958612,1.63719378442363,0.592832666239701,0.777168432796293,44.5687725333291
"63",63,0.566596978669986,0.876667229275841,0.592235870463774,0.849783940401466,0.40838016087655,0.33971406704293,0.49584736363031,0.1,0.436667663510889,0.83198986284485,1.10101811285131,1.30035959219692,15.1734054655625
"64",64,0.331121574221179,0.917646065687838,0.987068146928214,1,3.14107502552215,9.16459508231065,1.0661005231319,0.1,1.03965450124815,5,1.00895780324936,1.08305964154873,35.3730580614814
"65",65,0.524234511209652,1,0.32506128268782,0.452160213341956,4.45580684640445,0.1,4.6197449315805,9.40289647554805,0.0189058450050652,1.66200143176287,0.238298623007722,0.01,45.5664604388715
"66",66,0.138029486406595,0.673133393463899,0.0694986554747447,0.00252909125847637,4.33751386145595,12.3150905190591,3.97428984872531,0.1,0.397673628292978,0.75730904693716,1.07552115723956,1.31456672419466,84.0809448366045
"67",67,0.762648931113072,1,0.863584567173384,1,4.88988560743164,7.66130914503623,1.70124907970894,0.331696537420501,0.835159764625132,0.765774052633049,1.45696818153374,1.33544494390384,34.0668827335996
"68",68,0.826410365775228,0.799698192224946,0.0908512326143682,0.00665946316363769,1.10209961184301,0.1,2.8829331377754,0.243188782304239,1.46823356114328,4.04281872870135,1.35753102251329,1.99998591748515,52.5745502980183
"69",69,0.0972132774582133,0.627067146175917,0.390835808520205,0.022198340330772,2.44092691270635,15,1.06863793700468,0.1,1.74056095350534,5,0.920291841030121,0.779595678480582,62.534024611218
"70",70,0.387879434498027,0.390568026581174,0.17025275696069,0.00710294906705661,4.38264590553008,5.25596592721284,1.76067413445562,0.1,0.96385345607996,1.0819503834268,0.585505429306068,0.669677327913596,83.1282704736637
"71",71,0.51317783200182,1,0.926931915939786,1,4.49215152978431,11.2939219717864,1.73082708308939,1.86456265734575,0.861896194517612,0.88316267489822,1.09227187314536,0.969943916971316,53.1410646540714
"72",72,0.678289704858325,0.219316028711489,0.780947636608034,1,2.80649110111408,0.948662051380905,0.440803777356632,0.1,0.652373167686164,0.190734147966669,0.0696187033317983,0.01,16.0095177811963
"73",73,0.214960417188704,1,0.5995209032204,0.0185507836489375,0.511568898893893,0.0999999999999999,3.06413180802483,0.1,1.99561077542603,1.39161361416328,0.872149025090039,0.901467099689905,42.4482926086083
"74",74,0.819311176659539,0.0647667073848952,0.514255511411466,0.711071762638045,2.80211088987999,0.1,1.15221215195488,0.228756246411936,1.90007069846615,1.60202551224897,1.03145288012456,1.11425379781636,29.4037424204269
"75",75,0.176389967785217,1,0.390549840060994,1,0.617603527242318,0.1,0.905230945139192,0.1,1.23787924647331,4.4620022839969,0.0996121591888368,0.01,8.95879736864028
"76",76,0.824253040552139,1,0.405053650680929,0.264847609727373,1.50391762701329,0.1,4.34975126255304,1.79538504316853,0.290687264408916,0.0741130894101579,0.401884025079198,0.518726809461579,29.1248009947297
"77",77,0.0430059261899442,0.00679742887639938,0.459433930939995,1,0.593887669523247,0.1,3.01884212421719,8.5539423593888,0.767291303258389,0.98820600617315,0.911891285679303,0.837608031384251,53.8569041809229
"78",78,0.32225567351561,1,0.1331031531794,0.101835726301161,1.52133344230242,3.21614825954581,4.88425923627801,1.55930163631843,0.375047920737416,0.0265937357906898,0.00906656601000577,0.302098671810396,46.6685560549764
"79",79,0.374297506515868,1,0.719562987005338,1,0.607446817751043,0.0999999999999999,0.795905652525835,0.1,0.763082154095173,0.01,0.615941827883944,0.01,8.95879736864028
"80",80,0.87844939132221,1,0.319310370269231,0.0061956073180401,4.72899739902932,0.1,4.49762228624895,0.1,0.0215032668784261,5,0.249697697698139,0.256913641073347,43.0943478601675
"81",81,0.330828640749678,1,0.435863013928756,0.672062129227898,0.101569621707313,0.1,1.25963606010191,4.19924461073095,0.834449894260615,1.17301162524131,0.777952506789006,0.01,14.1017256906702
"82",82,0.599957686727867,0.953371594344005,0.832382189445198,0.833585153443674,1.9514778316021,0.1,4.26569437852595,5.75914812782981,1.04929965920746,2.34501737134485,0.461775125702843,0.01,16.2389878351588
"83",83,0.455587327494286,0.0279759289895981,0.524971064054407,0.741456157695733,3.57819678273518,0.1,3.57335718416143,3.89577898792004,0.0424012807197869,0.510981186938164,0.856595163582824,0.88067048504737,32.7884978489734
"84",84,0.0999225002154708,0.00727885907918439,0.714640716188587,1,1.3287357165711,0.1,4.64285421830136,5.54050843492972,1.20136613585055,0.634043027352444,0.783200604259036,0.773350849860119,56.0119706613414
"85",85,0.91788454066962,1,0.459724881579168,0.975215188677598,0.964950562291779,0.1,0.394953134539537,0.1,1.35144001990557,2.93749288940562,0.152030664961785,0.01,12.1776731927085
"86",86,0.0665803036885336,0.0139384222500319,0.662062022322789,0.993396325664413,1.40680184122175,0.288046194797858,3.52792635988444,4.37354613862182,1.76183677604422,4.9737521011281,0.179345663753338,0.0786636419907794,49.1143674730416
"87",87,0.551237084870227,1,0.0332784633897245,0.0146756323370775,2.01848225265276,1.98759442252265,0.441404450056143,0.1,1.83080499758944,5,0.367948648170568,0.600538293768343,31.7430614077706
"88",88,0.407685303851031,0.462432434295298,0.0136135540204123,0.001,2.75239007666241,1.4101913078587,2.99341604053043,0.338201344585778,1.37232657941058,5,0.728774407412857,0.811229826599865,64.2369513281845
"89",89,0.624417273364961,1,0.196362686431967,1,3.73733641253784,0.1,0.145431841933168,0.1,1.88657387532294,5,0.675246705184691,0.86763947685881,15.3557304791853
"90",90,0.836809210125357,1,0.0689056439464912,0.00395893633124033,2.42345601392444,1.76645849762324,3.38351114939433,0.1,1.74811011506245,5,0.0879109898814932,0.662920875448151,51.6844637721044
"91",91,0.489704010114074,0.0330271333183433,0.883183076758869,0.174982174660883,0.990887302882038,0.1,3.78284552560654,0.576654974812783,1.04141832469031,1.20851837161638,1.47433130897116,1.58913120121871,38.7674048595345
"92",92,0.401041960129514,0.747313399378592,0.09866297386121,0.758296713850877,1.21557990792207,0.1,3.68927802168764,15,0.577402364928275,1.61288622116734,1.2501655141823,1.43970613253978,40.7427877728896
"93",93,0.703717103968374,0.304563870608394,0.62119160127826,0.653028609048239,3.32866908300202,0.639944153690501,2.40203784245532,1.65106004725485,1.66861123358831,1.83652742838282,1.38100106769707,1.90547221306573,40.7991957046278
"94",94,0.777401936752722,0.816756343336157,0.758248882200569,0.1920752779029,3.54578178096563,3.42689407542602,1.06856112221722,0.138249937116523,0.443257456179708,1.13556630169168,1.12480940285604,1.16545036009386,26.645432223072
"95",95,0.594912919313647,0.0478998478061436,0.500249128849246,0.136820240485309,1.25686004122254,0.1,4.71048868147191,1.25962402688882,1.83019913546741,0.295075752283524,0.304245160426944,0.349478717248466,35.3033200094642
"96",96,0.94892096742522,1,0.314013950400986,1,2.20656365791801,0.1,0.840219745179638,0.1,0.722719588316977,5,0.365843377425335,0.01,10.5682352806744
"97",97,0.342855812790804,0.655596647250848,0.491589989867061,0.0042455636524202,1.46178624257445,0.1,3.4728147583548,0.1,1.7241840986535,2.94264248650502,0.60571205697488,0.01,41.9985280529166
"98",98,0.752480378248729,1,0.134052440430969,0.915658579628781,0.959469441021793,0.1,3.38455126245972,7.80223434734144,0.045512676704675,1.12125834450021,0.459364882553928,0.845042588139874,32.6588751375285
"99",99,0.390062263645232,0.684461166841913,0.446127921263687,0.765258376169287,1.32830013348721,0.1,3.37845867129508,5.12851866348112,0.0382940866984427,0.767093283606182,1.32496447849553,1.73181739516707,34.1330162256932
"100",100,0.957884193710052,0.55566051006466,0.306810508570634,1,1.22563752371352,3.27433226007767,3.85502864834853,6.83591497513787,0.838237068150192,5,0.0633546535391361,0.01,18.5958725222899
"101",101,0.146371302851476,0.372993509561216,0.963889110372402,1,2.76387664829381,8.13688967260132,0.578701227460988,0.1,1.77922056382522,5,0.819593340740539,0.807638503647889,56.4850394426224
"102",102,0.766200482491404,0.841395907106224,0.360375009854324,0.0348820897007898,3.59179132303689,1.95906118408957,1.3925915573258,0.1,0.790516596287489,1.30040541023508,0.153743587899953,0.59782120727877,32.4344460461542
"103",103,0.4298510005977,0.0292744009312612,0.787933396990411,1,4.28407484402414,0.1,3.72218486284837,0.134574843906107,0.897151057608426,1.05565743157929,0.864968027221039,1.89127902296391,25.5701968063029
"104",104,0.262301148003899,0.00588892541980741,0.852568759182468,0.138326349880052,3.91588053349406,0.1,2.03757265997119,0.1,0.594653454143554,1.47971404821544,0.580783950746991,0.739803264902733,51.3959170195942
"105",105,0.454424213566817,1,0.528814174155705,1,0.221470357384533,0.1,0.280310687655583,0.1,0.200633775442839,0.445353193709067,0.91807039885316,0.01,8.77647581194632
"106",106,0.537616753829643,0.387727576629527,0.346835627430119,0.990344952087784,1.94831029232591,0.1,1.93542320446577,2.67251410563167,1.78005279507488,0.236928599389934,0.368250931380317,1.42178907464542,19.085125321684
"107",107,0.368813646701165,1,0.939697967744432,0.948867855087019,1.31419173842296,0.1,2.32264175983146,0.1,0.451119784731418,1.55331684805033,0.33919155516196,0.01,14.0521031693074
"108",108,0.689821289065294,0.0903323269654169,0.0381216641468927,0.00992120109739779,4.77662256839685,0.1,0.956936780014075,0.307953649214028,1.93728562956676,3.61303091666615,1.28939692431595,2,55.5532121813876
"109",109,0.108135086419061,0.682178058741077,0.303571106111631,1,3.68954871594906,15,2.89130132680293,6.35304732895068,1.30943774152547,5,0.722890035132878,0.880520234224377,73.9011808936779
"110",110,0.367329597556964,0.513846188382182,0.12078436194919,0.0064692708277698,1.85440215880517,1.55442325366436,1.05570854453836,0.1,0.949580383487046,5,1.1134528471157,1.36627107503299,47.5642454181818
"111",111,0.64391812834423,0.0204487282108929,0.219545207433403,0.708455645431374,1.52020319250878,0.1,0.546592683950439,6.19718702297455,0.973157405853271,0.854952839310852,0.496192176709883,0.01,23.2224048254163
"112",112,0.484889712389559,0.844367241220434,0.766904316777363,0.983938831392841,0.859881314309314,0.1,4.91670888285153,3.08709108174604,1.48226288054138,1.47528758635625,0.953353572171181,1.04090463954561,32.2624055924022
"113",113,0.0797431891504675,0.0228504792583818,0.19098669109866,0.00344608058875001,1.9809473576257,0.212609050370871,3.77524614387658,0.1,0.573335238266736,1.39534157421045,0.0958381419768557,0.01,61.6868900039654
"114",114,0.774006288247183,1,0.532820888916031,1,3.49994079789612,0.1,0.798981941584498,0.1,1.47337874304503,1.47290587670862,0.774839131976478,0.353399264209263,12.213514156679
"115",115,0.645055866809562,1,0.932403675685637,0.974362656782682,0.759865388670005,0.1,3.0193303846987,4.39142900040003,0.235148834995925,1.09311672853751,0.0860715099843219,0.01,13.0513679105416
"116",116,0.869214933654293,1,0.849795794640668,0.0442798073322631,1.59601362976246,0.1,1.40326629260089,0.1,0.229014965239912,1.18264334170845,0.740317932330072,0.302132655137514,11.8180308709353
"117",117,0.748364585121162,1,0.538524356195703,0.881689213805856,3.54738021534868,3.10771635019026,1.24380102993455,1.58910249219639,0.114257233217359,0.636251059307201,1.4408104653703,1.87202902734807,29.2008272072343
"118",118,0.815376624446362,1,0.774791300464421,0.589051947400801,3.53687731793616,4.77422950045966,2.4948652171297,1.9910475789232,0.152541810646653,0.01,0.958766216877848,0.876037942569978,35.8230482566652
"119",119,0.656715241479687,1,0.695166907589883,0.905848967065205,1.00862043409143,0.1,1.80171059956774,1.95154752031263,0.0308223213069141,0.119422280186756,0.352949857944623,0.01,14.3117760696947
"120",120,0.3146164585324,1,0.691316460096277,0.897884573815294,0.745784642593935,0.1,0.722317541344091,0.1,0.0166302244178951,0.01,1.08112329617143,1.16068360959916,21.0726464583111
"121",121,0.31653363332618,0.881656917894129,0.905352366333827,1,4.44472019881941,6.8644675883797,3.43065119339153,0.1,0.990412765648216,1.30943358563625,0.552006320678629,1.90463419895987,35.8997173222954
"122",122,0.790472658844665,0.32410184234852,0.550688596484251,0.971094957627434,0.753188713057898,0.1,2.62675985000096,4.08311848215641,1.62821481609717,1.4957872501273,0.185417428147048,0.01,26.2967383687279
"123",123,0.894495838647708,0.568710865813724,0.268574868733995,0.934816106238105,1.79898089545313,0.1,1.09029372548684,0.313069273418354,1.11192774446681,0.538837777799721,1.41872894600965,1.05910526276627,14.4802582954648
"124",124,0.302986027738079,0.124688586851049,0.381411782270297,0.521062395201816,4.18438438924495,2.32038577145713,2.46435955397319,3.71607113676531,0.915096054784954,3.79074592472602,0.262175776879303,0.2509919349779,49.6422731468331
"125",125,0.707699318770319,1,0.853623346239328,1,2.50830082965549,0.1,4.20711521967314,0.1,0.45255045639351,5,0.960176396998577,0.01,11.7722080848003
"126",126,0.550385189596564,0.984490734736275,0.698004601681605,0.0661778808835065,1.35376504668966,0.1,2.03831101059914,0.1,1.48753703990951,1.54501021227982,1.00359710189514,1.05557570845449,23.9515791246616
"127",127,0.57094059695024,0.975004004936288,0.296470975321718,0.824984377590747,0.61309659157414,1.19503040979249,1.06415122668259,0.1,1.29296548012644,1.22245293343999,0.234513666364364,0.01,12.3957905400335
"128",128,0.663293707338162,0.459292370087097,0.482867774912156,0.249681314495795,3.04536706437357,1.30367973209453,4.23455647821538,0.554176517517641,1.98520014807582,1.03170995502934,0.267505996045657,0.504336100149768,25.7385142155789
"129",129,0.24326792018488,0.595627988787025,0.0784660657867789,0.071549329828867,0.222060512402095,0.1,4.92040518920403,15,0.209497362375259,5,1.01910164672881,0.124703659285991,49.2332285983651
"130",130,0.817020103805698,1,0.611532992729917,0.0570992725107266,3.24247309253551,10.7922510800443,3.77600618700963,0.1,1.28074521431699,0.01,0.328694875119254,0.01,23.6972335426761
"131",131,0.181823684531264,0.400125202436052,0.920531331817619,1,1.98293504093308,4.61872663569457,1.15481203531381,0.1,1.72034479817376,3.31268769266083,0.872376479208469,0.924830001581814,33.6963729668556
"132",132,0.832911004209891,1,0.661046640584245,0.670300694868072,3.5282080726698,0.1,4.31853335073683,0.290065587818696,0.375932388007641,3.73782837635922,0.235254935338162,1.14498922627066,13.4721311072928
"133",133,0.520877726217732,0.792325165570012,0.109421863825992,1,4.24983676939737,7.46532800840145,0.44866830187384,1.50223362966008,0.168784098699689,0.01,0.229835880920291,0.01,17.663234080038
"134",134,0.948130212523974,0.999986657430969,0.79679913637694,1,2.09809289416298,1.25758820377761,2.32406958278734,0.951356594964896,1.31512986822054,1.52941029317936,1.24422783055343,1.59588648789233,32.3987784308733
"135",135,0.440022906479426,0.0736778747166747,0.321400589738041,0.0585640994118226,2.08893004229758,0.376266024664573,0.73782421881333,0.1,0.219949437770993,0.719614559749362,1.24514226440806,1.44110611676566,38.3207923269276
"136",136,0.112209762129933,0.00299606427171041,0.292559716482647,0.00294855753872178,2.11287655087654,0.1,2.79454417582601,0.1,0.881091567222029,1.15884669835468,1.44786979118362,2,85.2099673441735
"137",137,0.0342090136744082,0.00651086869149285,0.845885040750727,1,0.834600755455904,0.1,0.419717011554167,0.1,1.15438348054886,1.94564119439273,0.104997896240093,0.64947938609337,50.9350163616795
"138",138,0.292580508384854,0.667169500967034,0.047748538707383,0.0408807240404228,4.78036368470639,13.7364758166161,0.782892909226939,1.09787314305134,1.56527549494058,3.62091892867377,0.182921781437472,0.01,74.7115249398251
"139",139,0.986982821249403,1,0.767062106649391,1,0.149519868334755,0.0999999999999999,1.5166700568283,0.1,0.0791156725026667,0.01,0.253487257054076,0.01,8.95879736864028
"140",140,0.849096284937114,0.201196308590467,0.787346490486525,1,2.53912495530676,0.397869378877449,0.486013414291665,0.1,0.775619749445468,1.24309947517255,1.16422441892792,1.06244748450346,15.6103246165092
"141",141,0.807877273070626,0.515262123490069,0.783930422686972,1,4.21204262988176,0.529797261181512,2.21337916145567,1.68120991392442,0.643660235684365,1.08612015222447,1.40367182961199,2,29.9605856810757
"142",142,0.802901175315492,1,0.280459126709029,0.525919209204061,3.09842090008315,0.1,2.5540885877097,0.1,0.914167649112642,4.18142705207272,0.383767569554038,1.07984740429464,11.7722081020353
"143",143,0.792933277096599,1,0.291702795219608,0.0235800032282622,1.63446092770901,0.1,2.46883751838468,0.1,1.86550900619477,5,0.0271651914808899,0.532578634900044,23.7778513018457
"144",144,0.323243650412187,0.0134241493584929,0.301232322524302,0.491115907415699,2.67427381305024,0.1,4.28017240525223,3.46536601653615,1.15975823299959,5,0.245218786876649,0.221497602445173,33.0280523715714
"145",145,0.747983908466995,1,0.0803174292575568,0.0566630174076343,3.32620170600712,2.12272968083714,3.28465383900329,1.25244130043002,1.84118068683892,5,0.42897400225047,0.545869790228012,48.9548849268108
"146",146,0.125703889657743,0.0145508307629591,0.907430650019087,0.855095470667116,3.47003806636203,0.407448985193102,3.26951290967409,8.17224344654873,1.88474579853937,5,0.963187799672596,0.727905385445736,77.1230473253397
"147",147,0.806212783674709,0.604514048398746,0.26546986465808,0.456590251042839,2.23574952939525,0.530265849960308,1.84635343395639,3.54381021985755,0.0449295360594988,0.966434054564153,1.0575406079879,0.980509883134794,57.4512923267601
"148",148,0.4993820919469,0.878284695302907,0.12736770206131,0.898711069522937,3.39678010474891,7.44017075944035,2.32313474921975,15,1.17207343690097,3.6653222533132,0.453945743618533,0.406536412110922,55.855890221481
"149",149,0.940072887339629,1,0.104954988900572,0.00657276930780055,1.88780306291301,0.1,3.04076568405144,0.39227310419566,0.516929258592427,1.24149012446016,0.94292025687173,1.17572831497951,54.7449622890115
"150",150,0.8889909804333,0.776784569862393,0.225670800777152,0.0128976611527354,2.63799922131002,1.15043515195183,1.69074286008254,0.1,1.23040972510353,2.06059628394163,0.787496541277505,0.721517882280046,41.6878229293689
"151",151,0.884597005513497,0.628694120985769,0.449659319855273,0.0165882184452351,0.213378341076896,0.1,1.39122747592628,0.1,1.95671789348125,5,0.765312350238673,0.01,21.4664446862542
"152",152,0.978694523251615,0.295553137028354,0.493035573661327,0.286890019084189,0.81502141226083,0.1,2.8330530568026,3.09474999407751,0.694915362633765,0.473949975659774,0.704939856310375,0.448644172261036,37.6546167192908
"153",153,0.290015385514125,0.873667919859942,0.458058842425235,0.51059428294259,3.99248799404595,12.3265331214171,3.71380258407444,6.19543582292446,0.751557762268931,0.795942331011626,0.640840595355257,0.884135125859723,56.613135053987
"154",154,0.541334846010432,0.475776439483779,0.139378759311512,0.00961592677015871,2.79799097729847,2.73588649367231,4.02664945467841,0.1,1.86249969480559,2.00068358890068,1.2152880145004,1.15526445538619,56.3045919138401
"155",155,0.706144763850607,0.808210639998442,0.667753924829885,0.591099506922926,1.4452286160551,0.1,4.75408712567296,4.90215826655606,1.77049779845402,4.17874954166228,0.300470023881644,0.637621425747563,11.9873208234067
"156",156,0.39336529539898,1,0.702336036381312,1,1.7517785953125,3.89426228765139,0.660601447056979,0.1,0.91787793347612,1.47310947198618,0.645055257249624,0.769992000223092,19.362789473898
"157",157,0.432484872988425,0.681137227008833,0.0431014975672588,0.051377606535612,3.61547177613247,0.1,4.109685231396,15,1.07079445850104,1.61116890798825,1.30733671027701,1.89097332035946,59.5169090675756
"158",158,0.460293514537625,0.0281179890296446,0.158226736970246,0.876015765264672,1.73138727201149,0.1,3.64599484668579,15,1.94131500134245,1.30780159476533,0.371505585615523,0.622242139965611,52.169139411134
"159",159,0.753132983813994,1,0.158071692031808,0.0058436493057853,0.913080728473142,0.1,2.71116490249988,0.1,1.45429000817239,2.82334864240592,0.263491327059455,0.285440194676725,49.0099361761268
"160",160,0.733131778780371,1,0.159762384705246,0.518989800759922,1.87189017292112,1.01154298165736,4.83913774297107,15,1.50999301718548,0.175548913900366,0.01083640800789,0.017088167640012,47.6329258687491
"161",161,0.290778818856925,0.694100830719978,0.181451179017313,0.0462263577839778,1.77725495144259,3.38142930206999,4.00131138684228,0.980201393378083,1.19497606018558,0.782672247380046,0.945626878528856,1.05207226747136,40.383122396879
"162",162,0.660753224524669,0.698753034103908,0.291863984884694,0.190317337832761,2.26008197723422,2.94413758659866,1.66032931306399,1.09393018606884,0.101601721253246,0.0429817044938707,0.60737219627481,0.55593057084212,44.6265859792506
"163",163,0.353896293239668,0.781831877848294,0.708425007564947,1,1.43777714357711,3.34012989745832,0.801364371669479,0.1,0.0735042686574161,4.90676343701047,0.26771190832369,0.764609489622742,12.168953969192
"164",164,0.204082394824363,0.869440638653527,0.243079826291651,0.010218363703285,2.76526609465946,8.00039241682438,4.32859558477066,0.29734890547479,0.596516249701381,4.04542383933709,0.0729758263332769,0.01,48.2646286607576
"165",165,0.14273188393563,0.0624370376690188,0.791114800805226,1,0.371294339722954,0.1,0.264012756268494,0.1,1.73609957238659,5,1.12778157368302,1.13910226451557,29.0397812756217
"166",166,0.518153366395272,1,0.583891217131168,1,1.09332171694841,0.1,0.345568342949264,0.0999999999999999,0.0257675778120756,0.01,0.103965560090728,0.01,8.95879736864028
"167",167,0.482664778972976,0.970733818684102,0.975441071433015,0.854842456990195,0.574666373594664,0.486093087060341,4.84024641092401,5.81607003409272,1.36336093954742,5,0.029988098773174,0.225272584306169,29.7784736321253
"168",168,0.184767617820762,1,0.772363053946756,1,0.14799863321241,0.1,1.04569687843323,0.1,0.116957675665617,0.01,0.249929600860924,0.01,7.16703789991222
"169",169,0.163678903868422,1,0.933412939622067,1,1.88094585372601,8.38202175810924,3.92225846198853,2.75209870462474,0.51337154628709,1.94139323946268,0.0805190128739923,0.01,25.9616199564385
"170",170,0.677114545623772,0.836158819407924,0.814128475761972,0.99589069592697,3.32366190429311,0.1,0.661066917516291,0.92571474518565,0.844586507417262,0.853409978105083,0.928421844961122,1.69366738319953,22.7727359356393
"171",171,0.769799604048021,0.00637218847511276,0.591094197821803,1,2.50071561182849,0.1,1.16629691161215,4.9639050967751,0.38013017969206,5,0.46163620124571,0.01,23.9034963017013
"172",172,0.315264108157717,0.00519338921030773,0.202715312479995,0.898608230969986,3.62615342279896,0.1,0.622584481909871,0.1,0.527027243748307,1.67482711485959,0.384466188610531,0.01,34.0661505466926
"173",173,0.270677988706157,0.89650474288715,0.775803435286507,1,4.22203827588819,15,2.62312130704522,3.08569887585784,1.08242521295324,1.45466274658141,0.951035947306082,0.894043364961422,66.6433800507878
"174",174,0.672332860813476,0.987357508739301,0.423126109074801,0.924914989807797,0.693816682533361,0.1,4.4011139054317,0.185842489479065,0.67308242758736,0.935172315700888,1.38423628709279,1.18236074397409,14.9042185820861
"175",175,0.176406813645735,0.00546172237695132,0.985126374289393,1,4.30131673137657,0.1,2.76086602429859,0.1,0.239106748253107,5,0.0580273275263608,0.01,25.5825679644661
"176",176,0.187816919595934,0.0133150433775699,0.674111242820509,0.903167433429874,1.68194627887569,0.1,0.469890868873335,0.1,1.78698879480362,0.955038557579218,1.4333134383196,1.26076173300879,47.816187695185
"177",177,0.536844294606708,1,0.983685253350995,1,1.46442114380188,0.1,1.65524030430242,0.1,0.556481181643903,5,0.258811297710054,0.01,10.5682352806744
"178",178,0.973872301043011,0.829826212876026,0.579482377129607,1,2.21497212878894,0.833057303070355,0.270196848642081,0.1,1.36335050174966,1.34240552865642,1.45099285023753,1.35736760835115,26.0564655882773
"179",179,0.157371805156581,0.225856425617887,0.584625420696102,1,4.05991840460338,7.34868771798038,0.834960378264077,0.722508656998418,1.50934214890003,1.62402277617691,1.36556400521658,1.54574522121489,65.9644196129891
"180",180,0.958698040735908,1,0.983414910249412,1,0.428313379175961,0.1,0.697187546547502,0.1,1.51128116156906,3.67420831356244,0.239413124858402,0.01,8.95879736864028
"181",181,0.578418112755753,0.671108569089244,0.436084896973334,0.455885821101232,4.16521858524065,10.3423484540894,1.94601225811057,2.73474474356172,1.40532590821385,5,0.289627384627238,0.01,38.5499137507229
"182",182,0.9274971217243,1,0.437831609109417,0.0572497485883004,0.215471807005815,0.1,1.15679060763214,0.1,1.09551962744445,0.772621924010753,1.3056727348594,1.11084722779987,16.374483874086
"183",183,0.867871864116751,0.865044581304856,0.882044893810526,1,2.49749378880952,0.1,3.53821460714098,0.1,1.76608403911814,4.03072736373836,0.640483552473597,0.8291941205198,10.3859138517087
"184",184,0.258729187371209,0.00691310391546779,0.570116656646132,0.999952398527627,3.87442155168392,0.1,2.79581096610054,0.1,0.409389773849398,1.40757079461144,0.107097156811506,0.0100545048516955,21.5773506723069
"185",185,0.426444441722706,1,0.835706204995513,1,4.15582826896571,11.2921395920663,0.180993048707023,0.1,0.957424320746213,5,0.652025352814235,0.744322805689008,33.0812817911189
"186",186,0.643952219826169,0.0178813158257716,0.972330543491989,1,3.2864139940124,0.231919126172853,0.826600176468492,0.1,1.30028966488317,1.53385742034593,0.565001539885998,0.171398027577901,24.403783345769
"187",187,0.417523398199119,0.0725875163866186,0.435933919236995,1,4.22464706487954,0.764196742501047,1.49947884350549,0.1,1.39622054295614,5,0.539294889662415,1.14534187613121,25.1270560143458
"188",188,0.578761331220157,0.0539542896786296,0.07229733500164,0.0142568844343822,1.13116636963096,0.1,2.67774141828995,0.563779674779999,1.18705118540674,1.72958206575966,0.648173938854598,0.5351003261646,49.4528781874549
"189",189,0.211927334708162,0.0255120278818606,0.894331775587052,0.925251088945074,1.54945696515497,0.304022328126056,0.933685728767887,0.1,0.503766525071114,5,0.254642030457035,0.315071964632018,17.1094761410822
"190",190,0.821816293639131,0.90374517781405,0.941487779901363,0.620164374119177,3.87996649323031,5.92384947101542,0.989542852435261,0.1,1.44084039889276,5,0.49240253737662,0.344339270456786,25.2228327368654
"191",191,0.0108706536889076,1,0.190036672092974,0.776065855534122,1.19239153836388,15,3.92044188638683,15,0.796544380951673,0.525814758062823,0.739265742944553,1.17690506506704,86.844301464618
"192",192,0.551415924252942,1,0.30171054540202,0.00393795657266915,1.59814817386214,0.1,4.19724757587537,0.1,1.87618695013225,1.44413200107305,0.408474009018391,0.01,46.4862462681137
"193",193,0.852939998786896,0.026092570908944,0.518295754292049,0.947863745303439,4.15352142951451,0.1,3.05557058376726,0.1,0.271689856424928,5,0.516520886798389,0.653049650216556,21.4079710889035
"194",194,0.258460653233342,0.0168407815970523,0.353635577941313,1,3.50183507131878,0.294164902351293,2.95854876004159,0.1,1.77666310034692,0.915377312228541,0.147643740638159,0.01,38.7622518338203
"195",195,0.629087741817348,0.431513434370764,0.0782009072555229,0.001,1.81242184382863,0.436560258583049,3.82918109185994,15,0.200815986841917,0.01,1.06048822891898,2,54.4283062611519
"196",196,0.846532527916133,1,0.356365590775385,0.226049778693046,4.57857120723929,2.00341236277599,1.55750877377577,0.399096461674703,1.25230063823983,1.43369616429207,0.134165969677269,0.661954353251827,18.7255439440528
"197",197,0.58712229420431,1,0.218325841533951,0.241031971619627,0.777304588374682,0.0999999999999999,2.38205856380519,1.92677111328499,0.190456282813102,0.229477672943241,0.0204608591739088,0.16737391341552,19.0544829200885
"198",198,0.571776013495401,1,0.867015663199127,1,3.00271691828966,5.5726073200762,1.10107719481457,0.1,1.34844691772014,0.01,0.0279809050261974,0.01,12.771178669204
"199",199,0.532012673681602,0.190577887347566,0.579474937515333,0.762033454229429,3.00140813030303,0.824565566441649,4.51165323220193,2.15973775084398,0.994275907054543,0.905881040617609,0.589354156516492,0.836157458924863,25.2549844823741
"200",200,0.279445163984783,1,0.620054663703777,0.25821650119095,3.64833545589354,15,2.75953517644666,0.437986684949906,1.37622495554388,5,0.177808749256656,0.585327767494825,20.4037411587006
