"participant","envy","guilt","temp_game1","temp_game2","sensitivity_game1","sensitivity_game2","alpha_Q_game1","alpha_Q_game2","w","nll","aic","bic","convergence","error","approach"
"27i4qdReBcXw8YuEi",0.24911811867996,0.500006114362627,1.63013987064734,4.82136516368559,0.171275311532534,0.5011212077947,0.863178040357623,0.674259959131056,0.65434497047517,17.1349622350853,52.2699244701706,69.4781315190239,0,NA,"hierarchical"
"2ghfK9aHNeDGySQ3u",0.01,0.448567285349744,2.54265671858433,0.1,0.01,0.178974210110702,0.727722264807999,0.885088411765385,0.828478429072705,26.9710958686581,71.9421917373162,88.5935201527067,0,NA,"hierarchical"
"2j73t2yQ64ngLzJyz",0.01,0.465350248837858,4.15166094336201,4.37122264620206,0.606023707158343,0.536220400549481,0.833663440913116,0.99,0.900050470896837,31.9146380465277,81.8292760930555,99.0374831419088,0,NA,"hierarchical"
"3AgtjHpxyrgstBNMZ",0.01,0.500001310418618,2.03816127098791,1.7431341169865,0.499618432384062,0.499213343458997,0.42832120737223,0.422967042126717,0.49452925836862,6.99051538544289,31.9810307708858,49.1892378197391,0,NA,"hierarchical"
"3dbsqfSprGiQhZaLf",1.56540737225891,0.274886290009153,2.78841054521265,2.52812100429961,0.524344127094781,0.499998748333315,0.530760680130679,0.469706833840716,0.490605306852496,5.42819441479441,28.8563888295888,45.5077172449793,0,NA,"hierarchical"
"3MJxZfkZpopGgv6Xd",1.99996611811644,0.156350808898267,4.02070015804484,3.37102877066314,0.584082972225091,0.01,0.921844656327111,0.952066257925568,0.966266344856696,21.9093385494892,61.8186770989784,78.845059781974,0,NA,"hierarchical"
"3W6oYvY9BWQChF64y",0.01,0.50000338746485,1.62101201821449,2.56502735437414,0.50009503369313,0.499988500484784,0.819994403787558,0.969930643154366,0.976328330088677,18.953784994039,55.9075699880779,73.1157770369312,0,NA,"hierarchical"
"4pmMPmcSFQvdQzcsy",0.01,0.318321726081973,2.75827107473224,1.75605114257583,0.01,0.01,0.99,0.932530283557863,1,28.9191444878074,75.8382889756149,92.8646716586105,0,NA,"hierarchical"
"4RkttSpAP5oejHxwQ",0.01,0.109564631577245,3.40615558471844,2.36428502751374,0.169772039770998,0.54194677476335,0.888224218746096,0.794254908492736,0.653532495432229,33.3849486667983,84.7698973335966,101.610706431768,0,NA,"hierarchical"
"53Gh5MSB7kKWYXdcA",0.0236344953247215,0.588994340708279,4.80201209249533,5.23143471914449,0.267896330001675,0.227256949732348,0.924949293520478,0.727680339241956,0.770267466723859,20.7120037955205,59.4240075910411,76.4503902740367,0,NA,"hierarchical"
"5fZ9mbFkp2dCyZLvL",0.01,0.85220689421101,0.685590281753357,2.68763142703472,0.01,0.301537461856595,0.817430586641253,0.952767343496725,0.724909622246162,28.9861985096448,75.9723970192896,92.9987797022852,0,NA,"hierarchical"
"5LACqtjfXnavP6M8A",1.86323976420597,0.377822140849474,3.88117388317651,1.97205685661473,0.508392008345846,0.507535771575717,0.730572524940273,0.907051734235423,0.461424163175253,21.634987290238,61.2699745804759,77.120775621718,0,NA,"hierarchical"
"6G7Mori9G4LFJsArQ",2.00000057225461,0.178756106227131,3.40215904198217,3.39149880138621,0.47828252162962,0.567379866659864,0.823742671158377,0.683930855438763,1,12.9717436142024,43.9434872284049,60.7842963265759,0,NA,"hierarchical"
"6j4uzW8HNrFcpQSNA",0.01,0.485908598132404,4.99891535942859,1.83437875061629,0.01,0.01,0.647565471367339,0.886327541047247,0.853039834665659,27.5748574059784,73.1497148119567,89.9905239101278,0,NA,"hierarchical"
"6Ru8t52bsqgyANH78",0.841895178408624,0.325234863517799,3.44757496306165,3.88501089376025,0.366035409980017,0.543861604457788,0.912368566442062,0.593192382326258,0.755097926627684,20.4015688323692,58.8031376647385,74.8608443700028,0,NA,"hierarchical"
"83SwbhmvKbnkpGeok",0.300063037960969,0.503402634316042,3.41994330910859,2.74671674921182,0.371875054571182,0.586497773505404,0.773639744643136,0.622804047606742,0.644268531817318,14.6701483600398,47.3402967200797,64.1811058182507,0,NA,"hierarchical"
"85QnxjnxoDBHR56h9",1.82531387015168,0.527223174229242,3.66490052758899,0.920292067420397,0.197055617484989,0.0770741524311663,0.678961076012705,0.615013992216362,0.574031189523773,18.2990231406684,54.5980462813368,71.0558188497387,0,NA,"hierarchical"
"8R3xo4bmDcubEZPpt",0.833813443201301,0.384585723666843,5.01709375084118,3.57363095889686,0.526169271291043,0.477629901969587,0.714146741344687,0.70911215168895,0.724308891675162,17.6378369841191,53.2756739682383,70.4838810170916,0,NA,"hierarchical"
"9NZPdsRHMfTffJ86Z",0.395447262182638,0.482559254247087,2.85479831945106,2.31979923991502,0.01,0.607093257121262,0.900287083941142,0.969931645462904,0.961241419274766,20.966502523192,59.933005046384,77.1412120952373,0,NA,"hierarchical"
"A7xu5DSWfjo8c3FBA",0.82397493293291,0.405474973041473,0.1,2.85278351105624,0.409636546807099,0.384134380175511,0.465443091625904,0.99,0.815448583474063,14.8646988322371,47.7293976644742,64.7557803474698,0,NA,"hierarchical"
"a9hGmsRsdt7ZJAeQk",0.01,0.448580989050682,2.69541416184731,3.368276652141,0.69097837574713,0.462390840992279,0.818785553268293,0.941150808877064,1,25.0288040358829,68.0576080717659,85.2658151206192,0,NA,"hierarchical"
"Abfu89CDogfCDRrdD",0.228687833319604,0.27258774580421,2.94582408983193,3.41919405763836,0.307930707004342,0.470840521498757,0.838054630988077,0.953851992035884,0.906232906711964,19.5651192803493,57.1302385606985,74.3384456095518,0,NA,"hierarchical"
"AhfubTP2TdW5Wm9Tw",1.01070272957469,0.480508760388418,1.64419943043233,4.82160449141305,0.498513771407405,0.494464658681317,0.427807201758531,0.793764152884207,0.493318912868947,21.5277081483461,61.0554162966922,78.2636233455455,0,NA,"hierarchical"
"AiXyxQy82SP82Mz9s",0.162160341008236,0.47113585383365,0.1,1.98810088576016,0.175814510551423,0.502176728149843,0.836625797454278,0.731385437439693,0.530441926123747,14.4758407625501,46.9516815251002,63.9780642080958,0,NA,"hierarchical"
"akWAen38quSK7Kg4j",0.887182540957126,0.258082432359865,3.03822072233735,2.18110896850293,0.01,0.01,0.99,0.948685959413905,0.973443214383289,26.4093162514298,70.8186325028595,87.4699609182501,0,NA,"hierarchical"
"At2dQJ4sv55MyXDs7",1.28924798334727,0.327615372901385,2.10397726988135,5.99080920555543,0.469333021462849,0.407629861520474,0.99,0.778899583551646,0.65937310660418,30.9246114607536,79.8492229215071,96.306995489909,0,NA,"hierarchical"
"aYxN6zfrwbrLBL32W",0.01,0.39938149559278,3.58347546757027,2.8566834418165,0.107381129625732,0.0135421464549193,0.99,0.99,1,28.050925884319,74.101851768638,91.1282344516336,0,NA,"hierarchical"
"B93AwGvKW9caWEvmu",0.290972049814702,0.518222659317639,3.28420980733594,1.82667730173995,0.18897834506892,0.516937889179435,0.937028106542218,0.75164079294029,0.989566571766245,17.1581964468916,52.3163928937832,69.5245999426365,0,NA,"hierarchical"
"BaisKwodTw2aofXty",0.065813806870019,0.409386900350458,3.08124329588925,4.12455001783008,0.020451511135753,0.0684424794589173,0.866907786727786,0.99,1,28.6519657523658,75.3039315047316,91.9552599201221,0,NA,"hierarchical"
"bFMXvE5mC7tDsHNxi",1.99999595378471,0.384761960835664,2.47775808648563,2.22933059200526,0.500377982944806,0.481075183769255,0.447360801038777,0.44409441661131,0.529922326025146,8.14749976430988,34.2949995286198,51.3213822116154,0,NA,"hierarchical"
"BjirnYWmbJDoF5MZC",0.01,0.617249719294345,1.35462584621888,2.14047526497508,0.0197265683632121,0.514081367864721,0.942154212593765,0.933946437081232,1,30.1763993211235,78.3527986422471,95.5610056911004,0,NA,"hierarchical"
"bKhnRtYLu5DDWuY49",1.51839648042799,0.0366296925198192,3.8515401190235,2.37554391920729,0.558753887792081,0.01,0.95458085194005,0.853913605346336,0.68152290099403,18.8001413786984,55.6002827573968,72.2516111727873,0,NA,"hierarchical"
"bpNrvkZN8ogijjA5K",0.01,0.259072440445976,4.74680998509438,0.1,0.01,0.01,0.99,0.713645297402834,1,28.8876336430162,75.7752672860325,92.9834743348858,0,NA,"hierarchical"
"bPrEvXrQaX2WdGYNX",1.19730673396175,0.536073501515296,4.03826467431881,3.31996856239217,0.353944042201758,0.500226366600034,0.753974339638606,0.549673408647742,0.442183317070949,19.9441108558094,57.8882217116188,74.3459942800206,0,NA,"hierarchical"
"BxNfwbHaC9D97He8r",2.00000137606145,0.302356102794111,2.16173499583388,3.50530616172557,0.499172391283607,0.203778908381622,0.505433829596164,0.99,0.352388469677058,17.1532753674644,52.3065507349287,68.9578791503192,0,NA,"hierarchical"
"chzK9whS4YsmcwD3y",1.27504465558985,0.400115678778932,1.95338468495431,2.31080775716267,0.503004948431383,0.0436924532848454,0.798110376098461,0.843609333979258,0.750714122894866,28.3985586193788,74.7971172387575,91.6379263369285,0,NA,"hierarchical"
"CnADLvFo8fkyBJZkC",0.01,0.499998697250936,3.67951861218917,2.88268583844044,0.502760135219335,0.107705778121775,0.99,0.982482967088999,1,23.6273289873817,65.2546579747635,82.4628650236168,0,NA,"hierarchical"
"cTg9Hn6YHgnCc95Pp",0.01,0.500002086972862,3.47624712895233,2.47886139966858,0.489524798780479,0.501570051212522,0.565683546108877,0.45639690911215,0.56723987238701,13.6761265082521,45.3522530165043,62.5604600653576,0,NA,"hierarchical"
"D5gA3jaFXLPFZTGqd",0.412999355569208,0.711037836286057,0.1,1.92535036968504,0.01,0.523601997366817,0.882452377595054,0.725770611043509,0.819232534037451,17.5764805237113,53.1529610474225,69.9937701455935,0,NA,"hierarchical"
"d7QvkA8PceMoQcnYF",0.01,0.01,1.76182897771891,2.75430555873099,0.381785652943429,0.01,0.825621558349081,0.938905574237159,0.923896894804979,23.4860705997991,64.9721411995983,82.1803482484516,0,NA,"hierarchical"
"d8jhtd87Z3xEpYsby",1.96175910806592,0.502689793757232,4.42012131880844,4.34449414044545,0.43582600049813,0.515116148818393,0.613342814398941,0.577702353210804,0.675962054652427,23.8319758445712,65.6639516891424,82.3152801045329,0,NA,"hierarchical"
"Dbtfi7wLjginpt97g",0.01,0.267433168086526,5.13398609125535,6.17117656635492,0.00999999999999999,0.0408765551750205,0.989546265653795,0.99,0.89230750995855,46.1577550387508,110.315510077502,127.341892760497,0,NA,"hierarchical"
"DjKevFkBso4yTMWR8",1.48363633351113,0.513233178665064,2.66325076560724,0.1,0.0723003307409279,0.537089002393338,0.809153558994187,0.705141732603933,0.582152005450757,14.8848710859406,47.7697421718812,64.7961248548769,0,NA,"hierarchical"
"dKpMaCJygWrdB5TKJ",1.99999826641939,0.458848626363146,3.46923076205104,2.86005845640109,0.499647532832851,0.495107292399759,0.426693511305412,0.43497262413633,0.495749797400264,3.71329877292814,25.4265975458563,42.6348045947096,0,NA,"hierarchical"
"DnRxFjmcg9Q45hrqJ",0.344944260233466,0.170137144969036,3.80953164348163,1.62870321915228,0.561613073255364,0.517514655170228,0.755483441188051,0.470193393851021,0.728033738946079,13.9058548969968,45.8117097939935,62.6525188921645,0,NA,"hierarchical"
"DP5G3nnkvBYBp9piW",0.464175836535937,0.690500470569442,0.452521641520673,2.85453619856283,0.500058117398721,0.483156015989429,0.357330716092602,0.681679148332341,0.687041265535459,21.8489532860082,61.6979065720164,78.9061136208697,0,NA,"hierarchical"
"dS8fhk2ffh2AxcPK7",2.00053726491143,0.379627302881063,2.57102234986642,0.1,0.559231291409572,0.592764084716986,0.874933230416259,0.978961991130479,0.911837851967752,19.5013677998009,57.0027355996017,73.6540640149922,0,NA,"hierarchical"
"dvG3gFW885sFMo5fm",0.01,0.231757591995164,4.36920729642317,2.67720905647198,0.01,0.0434599537307111,0.897939904468547,0.724762589182919,0.497556902999053,35.3615955053951,88.7231910107901,105.749573693786,0,NA,"hierarchical"
"dWKqjzJQddLdGTCjg",0.01,0.0347201903597592,5.03670951784631,3.75501176716422,0.569560942875815,0.588400503336067,0.606636020779754,0.758217290015557,0.963053131975897,33.6383216667198,85.2766433334397,101.92797174883,0,NA,"hierarchical"
"dxHfjoTs2oJTk77Mt",0.01,0.468879552951001,4.76883440188208,4.05398213734181,0.0365178483767467,0.0367574980906269,0.99,0.99,0.988421883601592,38.6775685054264,95.3551370108529,112.381519693849,0,NA,"hierarchical"
"e2HLhZS6gLCXmvMMW",0.01,0.196787253322208,3.99839049880951,2.36313264336863,0.0354188927883327,0.01,0.988009564820607,0.946885905975421,1,30.1223440930494,78.2446881860987,95.0854972842697,0,NA,"hierarchical"
"e8B4926naEsCfjs38",0.01,0.384437994688062,2.12598441751763,2.46372849664335,0.01,0.01,0.99,0.963592940586617,1,27.5778139772459,73.1556279544918,90.1820106374875,0,NA,"hierarchical"
"E8tbZMXRJqzfWgsZ8",0.01,0.499989161999558,2.75867578342869,2.00319951998787,0.414630517938222,0.37467673547652,0.713378960276109,0.928271711072356,0.958133847055366,22.813541591154,63.6270831823079,80.2784115976984,0,NA,"hierarchical"
"E9LzmpdHM6iSvi34h",0.01,0.182147194161062,4.74966285795368,3.53203411891934,0.473854922911,0.01,0.99,0.838627916413761,0.845269116638929,29.7618823663613,77.5237647327225,94.5501474157182,0,NA,"hierarchical"
"Ea7HtzzgbTJQYT5Fj",1.84330330250375,0.478870660959992,2.56583320029101,2.12814889910151,0.526800679726926,0.51135374629379,0.833838996861559,0.465421516755106,0.542064752775962,9.11302974720094,36.2260594944019,53.4342665432552,0,NA,"hierarchical"
"eJa4tvNxhZPMHStH6",1.99999944567754,0.319116998454584,5.00726731522463,4.14091410155151,0.560365017644198,0.445101952079045,0.783210524698274,0.638807804987916,0.59467133446041,28.0804750002402,74.1609500004804,91.0017590986514,0,NA,"hierarchical"
"ejSnuLvqgFkRBorH5",1.67990762416501,0.492829035889312,3.79435464478087,3.06450272170373,0.386341735090189,0.00999999999999999,0.743497411740108,0.99,0.679386056668101,24.7055589517337,67.4111179034675,84.062446318858,0,NA,"hierarchical"
"f2FdHBZDr8q5bibLi",0.01,0.645707325447092,4.4856465199695,3.05873594454917,0.01,0.359265144344167,0.897975734090594,0.856856281240459,0.647982002764082,43.6859342164967,105.371868432993,122.580075481847,0,NA,"hierarchical"
"F5Zg4XCNFq6n2cbMK",0.744944470545932,0.501583243893558,0.1,0.1,0.158775110822007,0.500037287993611,0.492939039004335,0.334790851197446,0.44708541071324,9.46024675606241,36.9204935121248,53.9468761951205,0,NA,"hierarchical"
"fayFWbzNk3iNFoczM",0.417812139251213,0.379081265235751,4.15375823416209,0.1,0.01,0.100135632440467,0.99,0.835433517574899,0.649727221034988,24.7573684898741,67.5147369797481,84.5411196627438,52,NA,"hierarchical"
"feAs2YDsezGm7Y4tB",1.9999987026445,0.433417301623673,3.57547710482882,1.87482999692247,0.511951469911205,0.495117443202774,0.439438872396208,0.45031645963144,0.527949340852878,4.19447578746978,26.3889515749396,43.4153342579352,0,NA,"hierarchical"
"fKAj3eX6QZyZhZaQX",1.85414579238651,0.496475729560503,3.11496916612121,2.70423541704724,0.548478879827612,0.095768348740664,0.786279896703863,0.921071922979472,0.680371150261267,15.8891634186384,49.7783268372769,66.6191359354479,0,NA,"hierarchical"
"FW8pE9hEfsqWL6XYY",1.99999521123485,0.311426055660369,4.75221716113041,4.0087515219269,0.55090236182704,0.559739847052597,0.723058497478711,0.765644089650866,0.789487985341829,19.4715894539522,56.9431789079044,73.5945073232949,0,NA,"hierarchical"
"fzK7Pj4iAgfbRSwx8",0.567514547681298,0.497016211139258,0.1,3.58485041569112,0.50615860173613,0.538818690148976,0.659845592350193,0.99,0.93484831909727,16.1031859245709,50.2063718491417,67.414578897995,0,NA,"hierarchical"
"G4WM9iR3ErZ7APDvS",0.01,0.320139249884117,1.61413703053741,5.21230520869758,0.495136435109943,0.061586336341261,0.419654437020883,0.99,1,18.4045997971665,54.809199594333,72.0174066431863,0,NA,"hierarchical"
"gBos5wbJNi362wqKs",2.00002100038757,0.30779322158895,2.82019645343051,3.96883474444466,0.434614470814627,0.334182345359456,0.554196337487931,0.545481304099025,0.547611606118836,16.9606738495773,51.9213476991547,69.129554748008,0,NA,"hierarchical"
"GCi8ZTfP7pjNh3ygF",1.59664882407521,0.524710502417627,2.22899366667058,2.38300178573646,0.402612067175799,0.275690465062609,0.591557107488563,0.764866864534281,0.737582531561101,16.3355693632085,50.671138726417,67.8793457752704,52,NA,"hierarchical"
"gDDqZ4APaFDnAPkBM",1.99998121010933,0.372321823935681,3.48516237347445,3.17270833671565,0.243158603357043,0.244293330695668,0.533610461101899,0.842892796614315,0.782024654073323,25.818826610149,69.6376532202979,86.6640359032936,0,NA,"hierarchical"
"GEwKu8fxgYxA2CE7x",0.01,0.613460911851036,3.41852082175672,3.49581178148062,0.479081385439763,0.11614495787675,0.99,0.705364501384093,0.912911439250367,29.289496499355,76.5789929987099,93.6053756817055,0,NA,"hierarchical"
"ggHn6ddbqYBsqqpj7",0.01,0.567150582112379,3.00798745261457,3.53636970049772,0.458914863444986,0.00999999999999999,0.737522771332335,0.736500148579651,0.846187035361999,33.3186309513453,84.6372619026907,101.478071000862,52,NA,"hierarchical"
"gpreusFXTLjCquosK",2.0000310484694,0.577779461056789,3.01658587198025,1.84880267218367,0.473282877589293,0.452851802091318,0.562882924481727,0.51778839093965,0.48456213431368,21.7177062414832,61.4354124829665,78.4617951659621,0,NA,"hierarchical"
"GwdKonwx45xH4bGJo",0.298784714597046,0.427815578829337,2.45252565764014,3.41566380057435,0.445597217309141,0.471839566404335,0.625964100245606,0.634933631375875,0.674701492294468,19.3144699924307,56.6289399848614,73.8371470337147,0,NA,"hierarchical"
"h633xXHHiPR8zvQez",0.01,0.247930853430705,4.37560390696241,3.3240075926889,0.030583872878643,0.0177392918306873,0.99,0.99,0.999084668706846,35.0343285774783,88.0686571549567,105.095039837952,0,NA,"hierarchical"
"hFnRGnnbkqJCyPjhF",0.265442698968423,0.505784882312996,3.52444798807174,3.36362094569813,0.572818643123802,0.656890651376185,0.868627450539527,0.832608428501336,0.941634394922463,17.3808003020929,52.7616006041858,69.9698076530391,0,NA,"hierarchical"
"hfnZYnFrK2htSh7Fq",1.99978881436059,0.01,4.12543492299352,1.7772140277111,0.470599611556879,0.15534906488933,0.568121999566534,0.770454337514935,0.813137892334547,15.1718371990154,48.3436743980308,65.3700570810264,0,NA,"hierarchical"
"hh4qJjYdwZYPEHeH8",0.01,0.416067764537444,4.816485389332,4.18427320024962,0.01,0.523589768398532,0.943655613308311,0.984089739244353,0.882810752520248,28.0925876507955,74.185175301591,91.025984399762,0,NA,"hierarchical"
"hibiX8TGatbBx887A",0.01,0.41369217857766,3.12900253502784,4.49780793585084,0.57429592632029,0.0800204034837382,0.99,0.957789506232133,0.997591856917708,36.097496903125,90.1949938062499,107.403200855103,0,NA,"hierarchical"
"i37oYBN2MWCukq7eP",1.99947007178549,0.149732772311699,3.59154341630856,0.277103030504002,0.289213112862092,0.610440265042108,0.528696024394645,0.795180398456032,0.378788313389576,11.3209120170096,40.6418240340192,57.8500310828725,0,NA,"hierarchical"
"i9c86bTZtwmiy2QrN",0.01,0.324591373689989,3.03115306514373,2.97103228717105,0.00999999999999993,0.424704784468718,0.911140674056716,0.560568797607399,0.819578488792758,29.8124616895291,77.6249233790582,94.2762517944488,0,NA,"hierarchical"
"ig8TppDhAgvNhrq3a",0.01,0.339518119268199,2.41040350996946,2.87574291703679,0.01,0.01,0.99,0.88694810511975,1,35.0421243908528,88.0842487817055,104.925057879877,0,NA,"hierarchical"
"iJQmXH2QMqKPp6wyu",0.01,0.323649089632317,3.75471132211259,2.58037710116991,0.01,0.01,0.883754024628186,0.867958328887628,0.803553614764659,38.8576651813829,95.7153303627658,112.366658778156,0,NA,"hierarchical"
"inGrj4rs6YNvqvAPb",0.602555646941701,0.297984883892937,4.81250107749553,0.1,0.56617258346692,0.0114509562513072,0.69457633458225,0.75640198137807,1,36.3376731465267,90.6753462930535,107.326674708444,0,NA,"hierarchical"
"ipDaioMcYw6HwWoxW",0.01,0.361467087206304,1.419270681986,3.37433410692681,0.122134800848029,0.01,0.441685325786697,0.84546882474285,1,31.1192780530005,80.238556106001,97.2649387889966,0,NA,"hierarchical"
"iqQMMWSpQpuKtpqzp",2.00000066402041,0.335606936071277,3.93762773979435,5.06311960752103,0.545486848384373,0.597028984884714,0.798369980808264,0.99,0.45121826749012,30.857795349177,79.715590698354,95.9755531062869,0,NA,"hierarchical"
"iTsSFZydAxMNk4H5X",0.949399299012609,0.625412550017092,0.885325239340749,1.591060930187,0.410924439436556,0.127820843424624,0.732567098512749,0.988748987866769,0.998072002928187,18.8859318868618,55.7718637737236,72.7982464567192,0,NA,"hierarchical"
"ixhJYtMzcxshRLyCH",0.01,0.140811755810769,2.0695282165951,5.09663387130221,0.41265374321668,0.01,0.977783819797726,0.84973723626686,0.910891852783587,35.6143582639441,89.2287165278881,106.069525626059,0,NA,"hierarchical"
"iYTgW5T333CWcsfmh",0.160837086747705,0.404717363577178,2.60960457532015,4.62097011004364,0.516175947599707,0.396020333633311,0.775297040944286,0.343764139001824,0.493081722700932,17.7434215727174,53.4868431454349,70.5132258284305,0,NA,"hierarchical"
"iZfaFMuMSyvAddwBS",2.00002689929804,0.397113873413492,5.07596884275131,1.85890778018892,0.509992000535489,0.512528660848253,0.6815506794966,0.98102444606757,0.534096683871639,24.7812415253287,67.5624830506574,84.2138114660479,0,NA,"hierarchical"
"jbpaPgCaMgYkRWEao",0.01,0.499992634964956,2.20887226570446,0.899790462148792,0.502779868468092,0.500001864600124,0.463362695566785,0.393712225009284,0.504690757757352,9.12898137394251,36.257962747885,53.4661697967383,0,NA,"hierarchical"
"jtCkRhCfghMB4pSKc",1.11449756221605,0.470684938286727,4.56418571816815,4.83094744778568,0.509577772128548,0.432531081091609,0.948643646426003,0.833305985945655,0.814103755925437,32.1176976376705,82.235395275341,98.4953576832739,0,NA,"hierarchical"
"jtSCTzq2BSCnhLpJm",0.288474891195529,0.383692739360287,1.69104451944271,2.41275570147896,0.435403709329396,0.42957350348178,0.359210577374106,0.973613704736297,0.915510080085361,38.1577836308549,94.3155672617099,110.9668956771,0,NA,"hierarchical"
"k75ryzJLnpnjcyWMZ",1.7183429189808,0.509001705326382,3.10593798975871,3.5307073327311,0.24858479801833,0.566428291615092,0.567013100351081,0.698301232900146,0.864519622984201,20.1788351130045,58.357670226009,74.8154427944109,0,NA,"hierarchical"
"kk82Zwq8qB3EPZDqz",1.70832659784227,0.545405015851604,0.1,3.06383827506412,0.0463745695343088,0.0296656869106675,0.686147400883306,0.687580756986106,1,18.8708889496358,55.7417778992717,72.949984948125,0,NA,"hierarchical"
"KQ3vR5FMgLmQFvHYY",0.01,0.471442567660504,3.79091171492353,4.17867454729416,0.01,0.122630852832518,0.99,0.99,1,34.1520790469682,86.3041580939365,103.144967192107,0,NA,"hierarchical"
"KRjcZ7HM83rHBHa2z",2.00003917459688,0.224522924182774,3.40634810055864,2.89251482736284,0.423320257908483,0.43133134153696,0.536503335496506,0.465511798286864,0.862834178515137,14.9546169299056,47.9092338598112,64.169196267744,0,NA,"hierarchical"
"KrMKd9t6wHWcie5KY",0.12971568863176,0.163610298732386,4.00142718641308,2.1518710827643,0.787954722195809,0.0223489833727456,0.99,0.837247024005643,0.86734072964138,26.4212290253614,70.8424580507229,88.0506650995762,0,NA,"hierarchical"
"kS3ZuehqRYQaatj7X",0.382570247738697,0.01,2.31505615583516,0.696566174131804,0.779142247724215,0.552665720625502,0.982996569286272,0.820503884615745,0.934605664705611,26.9930740407154,71.9861480814307,89.194355130284,0,NA,"hierarchical"
"KsdrRF8ja8FFhws5f",0.01,0.591977441493726,3.00174374058182,5.42047152888457,0.535602261243015,0.412722195340624,0.748200781407139,0.575576662080325,0.521870429980352,31.3120679737595,80.624135947519,97.8323429963723,0,NA,"hierarchical"
"KyRPNfTRmBvPMrHqq",1.86931217080019,0.481405304768647,4.07604334220157,3.52952537745205,0.464875295435583,0.46850593982583,0.770203987001254,0.541416563079965,0.497809553789039,16.1336022962199,50.2672045924397,67.1080136906107,0,NA,"hierarchical"
"LEGhKb3RP6EcgEKvX",2.00000939329505,0.01,3.24672521557472,3.37208180031107,0.01,0.523227518035676,0.920219462241356,0.822752283838582,0.995476451253095,22.0578174724442,62.1156349448885,79.3238419937418,0,NA,"hierarchical"
"LpjrYMB38ej53iybS",2.00001314291735,0.505985951192356,2.73233150208047,4.25824852169449,0.369839225870673,0.561126596066514,0.807478911517101,0.633517373969246,0.57883261702356,19.6574457239044,57.3148914478088,74.3412741308044,0,NA,"hierarchical"
"LrdehovdoeNoYXHvL",0.471362263278663,0.0110262907947189,3.6474533540477,2.37324865893197,0.01,0.01,0.805528282678088,0.860394342859915,1,24.373498713318,66.746997426636,83.9552044754893,0,NA,"hierarchical"
"m7jzbNcshmJ7ZZEwp",0.01,0.0399621111947661,4.92666827395481,4.6053760369501,0.690370470278289,0.0476916504764274,0.955397530467265,0.99,0.952863140647872,32.7588078946924,83.5176157893848,100.54399847238,0,NA,"hierarchical"
"M85ajvswFgHgYCgpD",1.55121541197163,0.01,4.24217496116666,1.76660711792907,0.0245595957634204,0.419247302744589,0.881156365606037,0.771484068798003,0.778113042421191,25.860841022294,69.7216820445881,86.3730104599786,0,NA,"hierarchical"
"MBh52GAaDc7XcK7fu",1.68535836275721,0.538164701351168,2.0373429097304,3.79667783429254,0.396414127869154,0.51561486536959,0.574768968832227,0.648657913730616,0.580109814439122,9.93635747971841,37.8727149594368,55.0809220082901,0,NA,"hierarchical"
"MDfLeY4zbfLsLWT97",1.99245845673648,0.416008654179483,2.46914438740943,2.39088052429964,0.512184939186847,0.498823797835908,0.493492661629595,0.442379432700197,0.496168059309149,5.05503477464934,28.1100695492987,45.318276598152,0,NA,"hierarchical"
"mFsazycX7sAsp9h25",0.841031662023122,0.59873419035438,0.1,5.38289625919849,0.541009763192235,0.192694772820314,0.668662941025015,0.918728497097145,0.672152943582535,18.1778321838461,54.3556643676921,71.5638714165455,0,NA,"hierarchical"
"MozhHaQ4szyqQu5eq",0.01,0.373664318871322,0.478260291833096,3.48919202040718,0.01,0.283387024926516,0.960218033950375,0.756230206996349,0.636391469347641,18.6046440205462,55.2092880410925,71.860616456483,0,NA,"hierarchical"
"msdLxvzuFuBEfwHNP",1.87970792475503,0.333569290205693,2.62506292786564,2.3838119142444,0.443577927071634,0.238056488562666,0.471586760886959,0.828294083246435,0.670500036420414,10.7941489559901,39.5882979119803,56.7965049608336,0,NA,"hierarchical"
"mtSNnmY4epZtXbxjF",1.28631038074032,0.233513846222118,4.31008546252183,3.04550266794428,0.01,0.485276664992604,0.719475570786234,0.936549297443036,1,19.2639259097703,56.5278518195406,72.7878142274734,0,NA,"hierarchical"
"MXMDFz7DphghwASKG",0.515914044568497,0.406354030131546,4.34060874436928,2.78212823499103,0.594270918366502,0.416320385776535,0.876014201604579,0.99,0.871928549828311,23.4732357910727,64.9464715821454,81.4042441505473,0,NA,"hierarchical"
"N2RXRFHQ2rhtDakGM",1.99998835505671,0.679109388985168,2.69486842079918,1.61732018946091,0.348143313904719,0.498397045012528,0.804695566718549,0.592609121973803,0.678962042052511,11.1744189830026,40.3488379660051,57.5570450148584,0,NA,"hierarchical"
"n3MHhgEbesYtmt2kn",0.01,0.244307735307283,3.6736328338601,3.27347388172392,0.0230811199618319,0.01,0.99,0.917843058398371,1,37.4761598743232,92.9523197486465,110.1605267975,0,NA,"hierarchical"
"n3NfFKtoPnhZpasBC",1.99999947254487,0.722976955136118,2.46616718810278,6.52641357279135,0.470842306321487,0.46454850903866,0.616015963707183,0.363243871706273,0.459491611431682,21.3833396148435,60.7666792296871,77.9748862785404,0,NA,"hierarchical"
"N5ZHcAxKkpfLMLkK2",0.01,0.360336059175382,3.88204223704994,4.31119180162039,0.0851182178355654,0.928075129772585,0.99,0.99,0.997533630691699,38.0321907930689,94.0643815861378,111.090764269133,0,NA,"hierarchical"
"n9aaRzPoqbYJ6PBxf",0.390945792737819,0.502890915872086,1.81098799217583,3.50630082311189,0.492437360746058,0.509959412511129,0.454299532786954,0.966930554119186,0.602179958336347,12.834311400195,43.6686228003899,60.6950054833856,0,NA,"hierarchical"
"nCh2LGBiZh9Zbacqh",0.01,0.274869680795573,2.29446200502852,1.53059356256853,0.01,0.0300977185285777,0.979629195304949,0.981383189745539,1,25.823994082718,69.6479881654361,86.8561952142894,0,NA,"hierarchical"
"NdwuaTz3c455EDcMR",0.01,0.386287329496584,4.41499499328769,3.49742957584271,0.01,0.01,0.99,0.82010126403059,0.96722277195641,34.3045802874655,86.6091605749311,103.635543257927,0,NA,"hierarchical"
"NFBuuZTCH8LQ2kWCB",1.99423528218397,0.487017857412462,4.3623385255384,2.80956888361923,0.529973188814216,0.42491715579902,0.633501200446254,0.797390906659246,0.680640076741189,34.2826145304541,86.5652290609081,103.406038159079,0,NA,"hierarchical"
"nhHityYuFwTypnDnG",0.01,0.261299229340758,2.46840778300276,4.62191809373735,0.01,0.01,0.945177670684052,0.99,0.930453020564484,42.76229581692,103.52459163384,120.365400732011,0,NA,"hierarchical"
"nofYosxEPLN62DENK",0.387499503734732,0.401831632452241,3.19357278315419,0.1,0.442144144863896,0.614832172023027,0.99,0.912509944500484,0.505944824550238,29.5194487008368,77.0388974016736,92.8896984429157,0,NA,"hierarchical"
"NtML36DS3EbbMyQme",0.01,0.100205283689886,4.33654651959762,0.1,0.0110007347489454,0.01,0.99,0.99,0.857707253516661,30.6034310516125,79.2068621032249,95.8581905186155,0,NA,"hierarchical"
"nzAZFfjoyKnjRsrFS",0.481487013128953,0.392996566395945,3.83735204098087,2.6218940475162,0.01,0.01,0.99,0.99,0.894031986586552,30.3435813010849,78.6871626021697,95.7135452851654,0,NA,"hierarchical"
"otzGMAMYTaNM4DdPn",2.00066074021657,0.507167784546911,0.1,4.52412158114052,0.40573157801828,0.534528667842665,0.728466320878316,0.7158535541706,0.529082086202548,20.9831423416434,59.9662846832868,76.8070937814578,0,NA,"hierarchical"
"p9Pc7iimdmsm2sGzM",1.76555606756041,0.420129020400826,4.26292764155456,3.92900785220942,0.518022917603248,0.493819742073236,0.501312342077315,0.63878944123759,0.640779453709305,19.4079962273123,56.8159924546246,73.2737650230265,0,NA,"hierarchical"
"Q33ZkhGogK54Yiad6",2.00006305742756,0.375214873861064,3.48032543846148,4.65936879734036,0.634591990673375,0.537284948479886,0.838138402716621,0.730881661058594,1,26.8566794291346,71.7133588582693,87.5641598995114,52,NA,"hierarchical"
"Q9yqtaGi2EPt3hwfa",0.101227800891222,0.510720558565666,3.79730136891705,3.39591097124993,0.420095083559458,0.278388239396127,0.817385462293273,0.870219840900829,0.905456934542058,17.8959787750015,53.7919575500029,70.632766648174,0,NA,"hierarchical"
"qc9nsRDra6Y5AbpGC",0.01,0.451121330950996,2.07006991968918,0.1,0.534187471647781,0.408980015277343,0.55773774495666,0.670890724948044,0.814128074266292,16.2840655568149,50.5681311136299,67.7763381624832,0,NA,"hierarchical"
"QEkygPKFDHX8dTovL",2.00002302043719,0.254313713170384,3.59194014357244,3.57549470204089,0.459792884798691,0.520798732520987,0.952808024979116,0.958832216554921,0.580166200247995,17.1540092017112,52.3080184034223,69.1488275015933,0,NA,"hierarchical"
"QiAFXTGpSRyku26si",0.01,0.500094720068222,1.79385009787696,0.1,0.499087205879209,0.500000109150501,0.490529047788458,0.818525663943862,0.839900666189998,16.3301522873032,50.6603045746064,67.8685116234598,0,NA,"hierarchical"
"QphCK7XfX4oCrjvww",0.432553557244857,0.206756219938123,2.90852748067701,3.94281982834068,0.443534048368021,0.449685665425886,0.99,0.99,0.74706470781645,22.8698336979379,63.7396673958758,80.5804764940468,0,NA,"hierarchical"
"QT7mxdnWgS9W97t2H",1.9999826234289,0.41073151280059,3.42573438905557,4.53403593545937,0.439892602490893,0.330061200894889,0.808752645560788,0.74452535962886,0.771819027156652,16.8244743458959,51.6489486917917,68.857155740645,0,NA,"hierarchical"
"QwxrtX6nKnEXWhPim",1.10587340454268,0.328114896868473,4.97871388888927,5.51549704363977,0.270829065120019,0.582700585914097,0.99,0.99,0.969372296374887,34.3468321651873,86.6936643303746,103.901871379228,0,NA,"hierarchical"
"r8A8dnypXvzzDjC9A",0.577317184713087,0.49991700514637,0.356178970470586,0.289965602301443,0.497343344608451,0.491584868359699,0.413348806524948,0.829259493168812,0.376643096620052,11.8698864950046,41.7397729900091,58.7661556730048,0,NA,"hierarchical"
"RAnPiw2wuw8cPAnZM",0.01,0.53335176211214,3.42496037360659,3.90504822169375,0.527313350923357,0.25680819097946,0.822036424017837,0.570072251288593,0.404429689347976,29.2744470013554,76.5488940027109,93.3897031008819,0,NA,"hierarchical"
"rCALFNNX4fFAWXKF4",0.01,0.536793583716566,2.96140063205663,1.83827282582316,0.560092592402365,0.0706323888571758,0.757321316666886,0.854717633345269,0.975123938219631,20.0228348559624,58.0456697119249,75.2538767607782,0,NA,"hierarchical"
"RFCGABXPtqyCd98Tm",0.01,0.298848072542961,5.42660502683053,2.25908357095576,0.144334964880998,0.131112223561603,0.764590526506113,0.878550627853424,0.857320359600348,29.8528862952763,77.7057725905525,94.9139796394058,0,NA,"hierarchical"
"RnGhGAoxgGGCzXdNR",1.99999833034633,0.317729508597823,3.38260270884742,3.18767592055649,0.332193623764169,0.07271028109488,0.852928825931406,0.99,0.902649538064534,23.5265377825241,65.0530755650482,81.1107822703126,0,NA,"hierarchical"
"rRaFaEeBvfwz5YYyz",0.41579030571502,0.467860258969273,1.04834228512856,1.53224329742622,0.501053287227536,0.554810269567104,0.741452345170494,0.843299921794159,0.472846581556493,13.2050332261228,44.4100664522455,61.6182735010988,0,NA,"hierarchical"
"Scejxx5jwQ4pGjsdH",0.01,0.237512648595543,4.5279318916414,3.84383228876877,0.00999999999999999,0.258395309022496,0.99,0.929567177140673,0.609924818833578,30.7827301052507,79.5654602105013,96.4062693086724,0,NA,"hierarchical"
"Suf75kfKvqyAqe5a5",0.01,0.274909406819983,2.97006956488827,4.82775327833508,0.0251764012793083,0.034768745895179,0.944142105906399,0.99,1,34.879860928972,87.7597218579439,104.967928906797,0,NA,"hierarchical"
"svtP9WMjEcd9CBpsP",2.02759443013093,0.148180285719144,2.50397676976143,1.43780226113107,0.509795636423107,0.507869031283868,0.917554540662595,0.401548418699834,0.479385313205675,12.8379546640486,43.6759093280973,60.3272377434878,0,NA,"hierarchical"
"sxpHgkezZ7Az2shHq",0.361247041937281,0.3310077100204,4.21607282175045,2.37228511071997,0.01,0.522747876620673,0.856826875140089,0.980129378964126,0.896288345963461,20.514391876984,59.028783753968,76.0551664369636,0,NA,"hierarchical"
"t3QxQ6jXii72iYCJs",0.01,0.15395116051616,3.79878567727477,2.74978026671241,0.0112775562543492,0.0149151172883599,0.99,0.99,1,27.6259557135085,73.2519114270169,90.4601184758703,0,NA,"hierarchical"
"tchBBCWaoktNqcDJQ",0.01,0.556693246272182,1.98893311360292,4.63561592979406,0.572964471541252,0.0481103369447048,0.99,0.907146857485998,0.863719354258254,38.9221821824651,95.8443643649302,113.052571413784,0,NA,"hierarchical"
"tH64wBxa8PTJXp898",2.00003816322914,0.105315227066471,3.27534327921283,2.26167456191281,0.251069900844225,0.662683032128181,0.825297912924931,0.606508350518894,0.624561891316853,18.974330048879,55.948660097758,72.789469195929,0,NA,"hierarchical"
"tHGcfndE9oTaQrbZo",1.99999511244021,0.17290420748994,1.63681563562559,2.60485808280607,0.517895778391337,0.492880611561779,0.487925285324541,0.442373939746867,0.512401313542149,5.93324261089199,29.866485221784,46.8928679047796,0,NA,"hierarchical"
"TncHr8XzgrSsm9bhr",0.01,0.38205527306193,3.32981074075024,4.07109048038321,0.356603242648377,0.01,0.843337227601229,0.864721963718825,0.928561038784941,22.3684791382026,62.7369582764052,79.9451653252585,0,NA,"hierarchical"
"Tomg5iun2wXdEtrGb",0.604868580390794,0.329140070629437,2.29715092077054,3.64232802826355,0.552725512730669,0.467696719305195,0.817276394797166,0.99,1,17.680650798995,53.3613015979901,70.3876842809857,0,NA,"hierarchical"
"TPPSGrBR4EcTzdYCc",1.49153199528225,0.500000061661641,3.32188557379174,2.57816326886136,0.145151230521986,0.506410617405351,0.707020270477176,0.452968267440468,0.902001710802762,11.7764270485083,41.5528540970165,58.5792367800122,0,NA,"hierarchical"
"ttDSiPLpEcCMkfJCN",0.01,0.499813866175743,4.93491363522866,3.05271415824429,0.508334958934384,0.504047046266037,0.99,0.888859893305823,0.717541487140967,19.2266862445108,56.4533724890216,73.4797551720172,0,NA,"hierarchical"
"u4HsniGxweJKnaE3J",1.99998585077806,0.0712346893744713,4.18404703002921,5.11962227523155,0.551542559383261,0.590638054500871,0.884425268641444,0.710988466623486,0.774630411491647,20.3050412129176,58.6100824258352,74.8700448337681,0,NA,"hierarchical"
"uf3savX4JPbojL3W4",0.539525051230707,0.531236527345541,2.35574685288753,2.66690195467111,0.423095034910563,0.314237456248435,0.766450824655532,0.94831004240321,0.906360660052062,20.3073321050797,58.6146642101593,75.4554733083304,0,NA,"hierarchical"
"uo7uXGZ3yDjDijhvn",1.69633810119171,0.460351987461599,2.95065203394173,0.1,0.461932307656359,0.524374812288654,0.583019785601763,0.422786022130056,0.48193512016073,12.1478227559119,42.2956455118239,59.3220281948195,52,NA,"hierarchical"
"up72PaREeYvSt8NGC",0.351434820382011,0.579050889289682,3.3979114168562,2.62941895204361,0.147655078082262,0.01,0.921782612583279,0.73950959792062,0.704971913186188,23.44095712384,64.8819142476799,81.7227233458509,0,NA,"hierarchical"
"uySJDtSAH7NTwzChc",1.99996356937592,0.220644339485021,4.15161658557868,1.73851663003099,0.488230181845404,0.538145806869217,0.680170047365474,0.892335639352617,0.20483829840115,20.3424898501864,58.6849797003728,75.3363081157633,0,NA,"hierarchical"
"v3C8m3hrGBFw7C6yR",2.00001176305477,0.44713866181361,2.98762138047168,1.46605313458914,0.51578257789522,0.511892778374235,0.658993255352839,0.471910847369431,0.536904526932868,6.59694197650968,31.1938839530194,48.0346930511904,0,NA,"hierarchical"
"v3nJGaFTLZeP9a8Wf",2.40240251551041,0.41956433460258,2.3402685442221,3.82353927385893,0.408741549978641,0.440530867461241,0.641594876661941,0.973265399376453,1,18.5594180125928,55.1188360251856,71.7701644405761,0,NA,"hierarchical"
"vqYFpsi2erDcHcAvs",0.914836202302821,0.297777328453288,3.85565834086363,1.6775803411401,0.0722800255206259,0.530669594156666,0.99,0.687083904234503,1,27.8236784267853,73.6473568535706,89.705063558835,0,NA,"hierarchical"
"vXitrhFTWWXoGhLQS",0.01,0.621071768136205,5.28368874254125,3.84775668197568,0.596535074744128,0.465354178656933,0.747555850254723,0.883052001227446,0.647991696606715,37.2405609983946,92.4811219967892,109.32193109496,0,NA,"hierarchical"
"WcpFWD3sn2dnt7ruN",0.01,0.143683353100819,2.7609654904584,1.58559813966645,0.01,0.525894808667241,0.81350325523295,0.750428431770842,0.916162000434518,23.3854536124878,64.7709072249756,81.9791142738289,0,NA,"hierarchical"
"wG6QjNWp5mYqNWuBF",0.01,0.374555268244522,1.30631918798976,2.14235213237399,0.504709832358721,0.496882755880581,0.527944418709855,0.8821278258236,0.332631336430913,13.5984556432973,45.1969112865945,62.4051183354478,0,NA,"hierarchical"
"wkP56uZ6uxtoZWvEx",0.01,0.515339149172542,3.91087351202597,4.54473657395874,0.405080924267063,0.503581457909754,0.534342959861688,0.438670193228893,0.607604919930391,27.7781716787193,73.5563433574385,90.5827260404342,0,NA,"hierarchical"
"WPFaEtA7nyZHg4Y47",0.707096995534011,0.421380050137336,2.92462689050499,0.1,0.48443844374242,0.532553989626997,0.542173492273855,0.99,0.35484712009477,23.7026269268705,65.4052538537411,82.2460629519121,0,NA,"hierarchical"
"WqjyipyHYQTFDgpma",0.01,0.481016211250631,3.77523868001349,1.17469866151462,0.01,0.0769851459333094,0.99,0.893731035822707,0.975955164862414,29.3181924620092,76.6363849240184,93.8445919728717,0,NA,"hierarchical"
"wrfmh8v8Ndz7y92Zi",1.16386795146362,0.176923008330981,2.92999568574322,0.997479981798464,0.596341375588166,0.01,0.915018453842073,0.99,1,24.2758210930697,66.5516421861394,83.578024869135,0,NA,"hierarchical"
"wRYnMSayjZKRGqRqt",0.01,0.500009567069766,2.25551292014438,1.01505247381593,0.511218582726805,0.50110881001823,0.463045258909576,0.402987522867122,0.524271137318705,7.48901466816839,32.9780293363368,50.0044120193324,0,NA,"hierarchical"
"wsZzoe3S4epTeQauL",2.0000192163392,0.359620901770943,1.27957529802923,3.08282816041174,0.455975379085229,0.01,0.655212248307449,0.867200986615629,0.969529767986416,17.3748223723101,52.7496447446201,69.9578517934734,0,NA,"hierarchical"
"XegK3ZL8buDE4txYG",0.01,0.0547321787263332,4.91497567942227,3.58613155022537,0.0827462492715139,0.01,0.99,0.855990889313259,1,34.9776079598201,87.9552159196402,105.163422968494,0,NA,"hierarchical"
"XH98XuvMaGixN3eSp",0.509076156646988,0.584012343985272,1.25134511081094,3.11080957178924,0.495226496457183,0.469908072114291,0.403032077715727,0.600211813922282,0.371742004992629,11.9896780493112,41.9793560986224,59.1875631474757,0,NA,"hierarchical"
"XQeKZ56cpS9nyygnL",0.513707032872838,0.499988882740004,3.13277698345863,1.98552543121754,0.503763538786005,0.500769533925092,0.938900613610029,0.434959985075336,0.650326399299085,11.590331872253,41.1806637445061,58.3888707933594,0,NA,"hierarchical"
"Xs8SR4fz3z2r8oZMn",0.0453844356961482,0.499998014904997,4.11086907157356,2.6024996571273,0.502462521192556,0.500029737853665,0.593542394686685,0.442872585764869,0.500231834301115,8.5067854261338,35.0135708522676,52.2217779011209,0,NA,"hierarchical"
"xwzqYG2ZvEjx6mhJ5",0.01,0.127617959696092,3.50299108200456,1.75065362675178,0.500140382536221,0.01,0.99,0.865248678130291,1,22.2300026251082,62.4600052502165,79.6682122990698,0,NA,"hierarchical"
"yCHzWTjvx5F5HfJwd",2.21969690315878,0.240363790249121,2.266691039929,0.1,0.597862050730246,0.101299267824654,0.881566605021982,0.883160516804991,0.66704405832311,16.1117589239484,50.2235178478969,67.4317248967502,52,NA,"hierarchical"
"YcSSS9cB9GAyueBcA",1.03141535693582,0.510371420145485,3.83647574309664,3.9913040149462,0.0327797947965646,0.01,0.869852445628657,0.87500336940282,0.842099005968678,29.2098726579756,76.4197453159511,93.2605544141221,0,NA,"hierarchical"
"yerbgPdoxYmef2g9C",0.01,0.479023509162632,2.57129715825994,1.07942336262988,0.24962700684285,0.336263902646727,0.941674296866427,0.99,0.897959094257207,20.5731253603932,59.1462507207865,76.3544577696398,0,NA,"hierarchical"
"YhxDftyhYzoMQY8bk",0.304506258510486,0.01,3.62166303623415,2.6026360201504,0.631486305236924,0.00999999999999999,0.760436163381241,0.81452282506781,0.958591532102423,37.1510730549638,92.3021461099276,108.15294715117,0,NA,"hierarchical"
"YNKzunS5xPmBze6ea",0.20079887559284,0.01,0.1,2.66416806125507,0.0716419342185603,0.517465359357673,0.882763280435307,0.939387532049479,0.859888917093351,20.729139986273,59.458279972546,76.6664870213993,0,NA,"hierarchical"
"Ypev43WHEFDqHzLbZ",0.01,0.552845440837544,2.63571276581214,0.342544076028003,0.01,0.501306289297243,0.667139143506441,0.657030931151367,0.567599117203867,16.7528715860416,51.5057431720832,68.5321258550788,0,NA,"hierarchical"
"YWYrb3pQagdr9GHZy",0.652892570065871,0.373984510009672,2.49222641108017,3.9081204994541,0.01,0.487933638030748,0.982590449399983,0.915119877695878,0.875252004725831,23.3189703424934,64.6379406849868,81.8461477338401,0,NA,"hierarchical"
"ZbKdYEBcyQRYYRZRd",0.948557581465425,0.501214677318432,1.71571644797723,3.68805175745676,0.476993023056555,0.532330056985714,0.659783409241215,0.812129330172063,0.75495431977648,14.1687503624327,46.3375007248655,63.5457077737188,0,NA,"hierarchical"
"zgoFBo6m4D8jZDPFE",0.01,0.631649755308604,0.1,1.95940515784603,0.0550643311450669,0.256475228328899,0.858964708590794,0.883631016012998,0.832211953036422,27.2937147166304,72.5874294332608,88.8473918411937,0,NA,"hierarchical"
"Zy9TbjSysyttPJkfj",0.935650247294242,0.62048846049269,0.1,0.1,0.555344511408372,0.01,0.865924528421219,0.721938032096604,0.867060939267729,17.3104716625418,52.6209433250837,69.4617524232547,0,NA,"hierarchical"
