"participant","envy","guilt","temp_game1","temp_game2","sensitivity_game1","sensitivity_game2","alpha_Q_game1","alpha_Q_game2","nll","aic","bic","best_k","approach"
"27i4qdReBcXw8YuEi",1.49885096870848,0.386517193364073,3.06322324230009,3.92800634931064,0.601425987288818,0.523249525393833,0.791997853349699,0.789105140036305,10.7294515855219,39.4589031710438,56.6671102198971,2,"hierarchical"
"2ghfK9aHNeDGySQ3u",1.28787288460281,0.185877863819956,3.9836629365445,4.0127250482148,0.495235603184715,0.547210529951745,0.904201430892346,0.867286300924936,12.6649890176496,43.3299780352992,59.9813064506897,2,"hierarchical"
"2j73t2yQ64ngLzJyz",0.01,0.435178253478377,4.14424747605411,4.16073046454647,0.536585541500391,0.568108603887821,0.958086411918795,0.967625592267085,15.9462572612077,49.8925145224154,67.1007215712687,2,"hierarchical"
"3AgtjHpxyrgstBNMZ",1.76071888719301,0.291925003691226,4.31344581561226,4.37992971157028,0.510969670520006,0.508500502856747,0.383603394225845,0.374877257799898,2.8551983719396,23.7103967438792,40.9186037927325,3,"hierarchical"
"3dbsqfSprGiQhZaLf",1.94996423778309,0.252820003894527,4.15342131848227,4.1463756771388,0.620641860736365,0.511616806696192,0.474300935334248,0.402821004625241,3.78141180851153,25.5628236170231,42.2141520324136,2,"hierarchical"
"3MJxZfkZpopGgv6Xd",1.96054199699736,0.399696413322214,4.77904965660855,4.79912385584246,0.509936576686068,0.523701486909469,0.959491063424828,0.978996909638019,13.4242510268226,44.8485020536452,61.8748847366409,3,"hierarchical"
"3W6oYvY9BWQChF64y",0.01,0.299400745401705,3.81386637819477,4.80459512836375,0.599334322856292,0.522636237878673,0.789242421152673,0.939768629789979,13.3421534846843,44.6843069693686,61.8925140182219,3,"hierarchical"
"4pmMPmcSFQvdQzcsy",1.87797977474152,0.238792557319088,4.40575573443908,4.6736837981729,0.576599854985038,0.617506147485779,0.946996264732292,0.974374646728799,13.836187482089,45.6723749641781,62.6987576471737,2,"hierarchical"
"4RkttSpAP5oejHxwQ",1.58205074973264,0.288979575336466,4.26701300988799,4.44228660687525,0.484940810069201,0.52404551532767,0.91720560719332,0.935725987840541,12.6485782239322,43.2971564478645,60.1379655460355,3,"hierarchical"
"53Gh5MSB7kKWYXdcA",1.7583225039234,0.546311428064116,4.09531566270542,4.60928017557917,0.566837671124447,0.513788185937674,0.915384487158022,0.861801568802651,11.9345062193067,41.8690124386133,58.8953951216089,2,"hierarchical"
"5fZ9mbFkp2dCyZLvL",1.31876622609092,0.31334425674839,4.60326093994,4.64056080939699,0.54403697015828,0.547569278039569,0.984162535830829,0.978067915501357,14.4215369315003,46.8430738630007,63.8694565459963,3,"hierarchical"
"5LACqtjfXnavP6M8A",1.99781505764489,0.39700088925749,4.44482413448097,4.60372185412726,0.537375257064198,0.53513756501213,0.902022578007861,0.941445723096838,12.2897867914383,42.5795735828766,58.4303746241187,3,"hierarchical"
"6G7Mori9G4LFJsArQ",1.99998042548827,0.136491308224893,2.81382366422421,1.90623153401041,0.392337223725169,0.57964207060476,0.785526448884932,0.560613458680745,10.0985720437007,38.1971440874013,55.0379531855723,1,"hierarchical"
"6j4uzW8HNrFcpQSNA",1.93482281926322,0.281365909854792,4.587198493198,4.51018358987938,0.514294287649057,0.502702050165539,0.955155623980619,0.958111899152504,13.5068379469566,45.0136758939131,61.8544849920841,2,"hierarchical"
"6Ru8t52bsqgyANH78",1.58194671662926,0.15578840436307,4.09774255818911,4.30236860540178,0.476479084521666,0.582037742973801,0.87968187675427,0.825061377667724,11.4933894566736,40.9867789133473,57.0444856186116,2,"hierarchical"
"83SwbhmvKbnkpGeok",1.9858413841053,0.396934044249121,4.57403694770491,4.53337637497253,0.452687639533245,0.555406165994387,0.895366435342416,0.765078683821749,9.92750456515557,37.8550091303111,54.6958182284822,3,"hierarchical"
"85QnxjnxoDBHR56h9",2.00000156372284,0.292726464803663,3.90449435607052,3.520629960243,0.549376017369897,0.532594463163053,0.668085525702018,0.624065751539785,7.04549696480907,32.0909939296181,48.54876649802,2,"hierarchical"
"8R3xo4bmDcubEZPpt",1.82957161265973,0.499882657514532,4.13415962522025,4.10966224084992,0.633864526621351,0.545376444637603,0.884003664692287,0.898697781654636,12.268924183412,42.537848366824,59.7460554156773,2,"hierarchical"
"9NZPdsRHMfTffJ86Z",1.31872640087275,0.32833212049207,3.88755137001332,3.91282843143353,0.602593676889792,0.57653631466164,0.826430352545053,0.957335552012096,12.5604762212671,43.1209524425342,60.3291594913875,2,"hierarchical"
"A7xu5DSWfjo8c3FBA",2.00646058221247,0.248183398579251,3.64959117988966,4.51274353111003,0.527388427351708,0.506449448248628,0.613013508827031,0.937410470523286,9.52140292914379,37.0428058582876,54.0691885412832,3,"hierarchical"
"a9hGmsRsdt7ZJAeQk",1.33992170248198,0.396646275000188,4.1548422654362,4.50408616776643,0.601932411824842,0.545192256112741,0.851259052393426,0.99,13.0800450054322,44.1600900108645,61.3682970597178,2,"hierarchical"
"Abfu89CDogfCDRrdD",1.09104721299557,0.380396978230514,4.67176971430403,3.96892958578086,0.498953868381589,0.523238170850728,0.940535180502597,0.958963088611803,13.793021921329,45.5860438426579,62.7942508915112,2,"hierarchical"
"AhfubTP2TdW5Wm9Tw",1.92323854449154,0.366277677307622,4.43073302813671,4.51202262113468,0.503790633750373,0.502190659948075,0.371664070432242,0.954764289722122,8.00622152230183,34.0124430446037,51.220650093457,3,"hierarchical"
"AiXyxQy82SP82Mz9s",0.418381699793412,0.36867408323022,3.88494892571292,3.61505529810523,0.507354916596162,0.51468978718072,0.844744286220226,0.757335472117813,11.4793938778079,40.9587877556158,57.9851704386114,2,"hierarchical"
"akWAen38quSK7Kg4j",1.96154222301015,0.354260564338455,4.54550614910877,4.63450007903685,0.510326343862463,0.497317350514431,0.957659618069209,0.917825236139001,12.7068619312311,43.4137238624621,60.0650522778526,3,"hierarchical"
"At2dQJ4sv55MyXDs7",1.90785751340502,0.325599223943972,4.15190432259358,4.70657573108142,0.514767791771197,0.549908542449151,0.901260963752871,0.915843354207822,11.9748902280915,41.9497804561831,58.4075530245849,3,"hierarchical"
"aYxN6zfrwbrLBL32W",1.89873280434015,0.222955707773585,4.22873211899119,4.32939796402684,0.694506392421224,0.537756148543593,0.937826707827693,0.944263873393715,13.7914006982752,45.5828013965504,62.609184079546,2,"hierarchical"
"B93AwGvKW9caWEvmu",0.588192437563302,0.598027077159713,3.85440822361739,3.11272693176549,0.6455976104955,0.564625253499556,0.842554679641787,0.760175846780296,11.7885207434216,41.5770414868431,58.7852485356965,2,"hierarchical"
"BaisKwodTw2aofXty",1.85516059575162,0.355029609386422,4.58949073626868,4.49000445053656,0.539325225486061,0.53368612127262,0.933001763586411,0.95803614548367,13.099858048823,44.1997160976459,60.8510445130365,3,"hierarchical"
"bFMXvE5mC7tDsHNxi",1.99999403136088,0.412151379059136,4.50335103407959,4.71103571879283,0.506477492477578,0.510756657540083,0.36620416141909,0.491535496890842,3.56365532063241,25.1273106412648,42.1536933242605,3,"hierarchical"
"BjirnYWmbJDoF5MZC",1.22141005959214,0.297128814342797,3.41924703733539,3.96040026666928,0.529796173368841,0.513665341212155,0.867961781604695,0.920970654090583,12.6933472318885,43.3866944637769,60.5949015126302,2,"hierarchical"
"bKhnRtYLu5DDWuY49",2.0083992769368,0.300838355260762,4.7680993071562,4.44106700384098,0.505693077510919,0.470776176589017,0.917751953723694,0.879225378931487,11.7496636153637,41.4993272307274,58.1506556461179,3,"hierarchical"
"bpNrvkZN8ogijjA5K",0.643020923989911,0.222297815889147,4.87866576191094,4.48871453300469,0.942954452327458,0.504665087917415,0.99,0.873992642075814,15.2704437731711,48.5408875463423,65.7490945951956,3,"hierarchical"
"bPrEvXrQaX2WdGYNX",1.99999504847304,0.420674723325476,4.36038622050805,4.01025180463074,0.462346983117126,0.582767841892732,0.83670853456293,0.86722335981568,10.8789399040421,39.7578798080843,56.2156523764861,2,"hierarchical"
"BxNfwbHaC9D97He8r",1.99992530559223,0.345035278653599,4.14667385661594,4.73067583483837,0.503087620388639,0.556141927158317,0.448160414118032,0.96210915123047,8.59424793403011,35.1884958680602,51.8398242834507,3,"hierarchical"
"chzK9whS4YsmcwD3y",1.99997679825234,0.44103233969614,4.10651081056384,4.24156005771695,0.503803958199071,0.339511712413699,0.848746612174847,0.914666049872546,11.8725217832396,41.7450435664792,58.5858526646502,3,"hierarchical"
"CnADLvFo8fkyBJZkC",0.16629357815455,0.437620095028371,4.52046080687771,4.30537320962274,0.585022130495778,0.55549354309545,0.99,0.919477442300963,15.3253890762589,48.6507781525178,65.8589852013711,2,"hierarchical"
"cTg9Hn6YHgnCc95Pp",1.18615808646505,0.36253165595846,5.81394211258297,4.3242034051985,0.570003405818097,0.506089699334075,0.503999613568524,0.382976634243447,6.18954188867964,30.3790837773593,47.5872908262126,3,"hierarchical"
"D5gA3jaFXLPFZTGqd",2.01121838290643,0.30042458549723,3.34169541137509,4.5753129891808,0.48912030938186,0.500393208847624,0.806252434480102,0.929347749822339,11.5753824418197,41.1507648836394,57.9915739818104,2,"hierarchical"
"d7QvkA8PceMoQcnYF",1.63122564956239,0.15941663941395,4.73972734139682,4.64135026440504,0.472278996622293,0.674348781022063,0.947295311133647,0.918230363993774,13.4227528583558,44.8455057167115,62.0537127655648,2,"hierarchical"
"d8jhtd87Z3xEpYsby",1.99975008574394,0.41278536566738,4.25421779203208,4.27599693282276,0.478406655968962,0.458133656721851,0.923266314166724,0.821015953926429,11.4641198014791,40.9282396029582,57.5795680183487,2,"hierarchical"
"Dbtfi7wLjginpt97g",0.764407378845239,0.321598672215276,4.45382056472299,4.35119971688748,0.540042632114685,0.532095261613857,0.981381724444532,0.984641712563872,15.1685653906564,48.3371307813129,65.3635134643085,2,"hierarchical"
"DjKevFkBso4yTMWR8",2.00219941193307,0.404904068311212,4.38489250651521,4.11568526423239,0.37873526818928,0.513460608700887,0.886302749554819,0.845564019107726,11.3268806835608,40.6537613671217,57.6801440501173,2,"hierarchical"
"dKpMaCJygWrdB5TKJ",1.99999584222956,0.36540940870785,4.55155487623938,4.60985001055228,0.506095310036726,0.504283544293587,0.360052859998697,0.351213123155851,2.38007682168329,22.7601536433666,39.9683606922199,3,"hierarchical"
"DnRxFjmcg9Q45hrqJ",1.39770305402054,0.404081057592603,4.48349553248838,3.9037919872853,0.504105397831896,0.536148900183911,0.929555892457851,0.427653736003311,8.59716855531354,35.1943371106271,52.0351462087981,2,"hierarchical"
"DP5G3nnkvBYBp9piW",2.09528015261919,0.277440975327465,4.27706291557644,4.16351576273319,0.512085388429768,0.796765931632558,0.387101367371524,0.962173538792599,9.10498847763897,36.2099769552779,53.4181840041312,3,"hierarchical"
"dS8fhk2ffh2AxcPK7",1.99051522072175,0.462581230029325,4.50511668352552,4.63857673012548,0.476382398767298,0.452019600982199,0.864071292232476,0.99,12.5298086903452,43.0596173806904,59.710945796081,3,"hierarchical"
"dvG3gFW885sFMo5fm",1.5549903763532,0.318260953712904,4.08103507394072,4.24570553309876,0.409226446200939,0.645299932161976,0.972770213930568,0.927248363173718,14.387245923609,46.7744918472179,63.8008745302136,3,"hierarchical"
"dWKqjzJQddLdGTCjg",1.32938861191931,0.228562668246119,4.44004707036652,4.2383883319125,0.538005665054099,0.537872538214723,0.971575260273479,0.910762608909008,13.7655259454336,45.5310518908673,62.1823803062578,2,"hierarchical"
"dxHfjoTs2oJTk77Mt",0.447074966268413,0.17722597869137,4.55902914654402,4.1451793540707,0.682263371946161,0.536155429112679,0.99,0.856543006844749,14.8317257469496,47.6634514938992,64.6898341768948,3,"hierarchical"
"e2HLhZS6gLCXmvMMW",0.647598652954757,0.266881452140797,4.10292990663437,4.42132930478011,0.574829551894445,0.560862479964437,0.922209169279711,0.850466211111536,13.0986683210752,44.1973366421505,61.0381457403215,2,"hierarchical"
"e8B4926naEsCfjs38",2.02656536953574,0.357764887988199,4.70691795963306,4.41822443662585,0.637307116442329,0.639025847668176,0.99,0.951602571428673,14.0084777679398,46.0169555358796,63.0433382188752,3,"hierarchical"
"E8tbZMXRJqzfWgsZ8",1.63402638520713,0.408558837543994,4.21375418684361,4.34249265054526,0.528386116043718,0.512727430992829,0.99,0.910635835646789,13.5741507140799,45.1483014281598,61.7996298435503,2,"hierarchical"
"E9LzmpdHM6iSvi34h",1.36252551453857,0.468072300965125,4.25268032977711,4.28739755346719,0.54237544906264,0.57448520879255,0.98388385305891,0.864840337960162,13.2478643957276,44.4957287914552,61.5221114744508,2,"hierarchical"
"Ea7HtzzgbTJQYT5Fj",1.99565459420328,0.278940186021401,4.62940152857123,4.57922838860479,0.511400582464623,0.507439883193832,0.865799503436437,0.3581310221198,7.24471217807187,32.4894243561438,49.6976314049971,3,"hierarchical"
"eJa4tvNxhZPMHStH6",1.97256160423196,0.312264233624308,4.65614112470403,4.18739859943877,0.543243350310828,0.573013594844383,0.949721167421923,0.915173971382464,12.7951610889703,43.5903221779407,60.4311312761117,3,"hierarchical"
"ejSnuLvqgFkRBorH5",1.95464661054283,0.254583555365642,4.41697255513039,4.11248791172711,0.533413547465905,0.510947338286047,0.902489323302108,0.913083075141641,12.3254376419372,42.6508752838744,59.302203699265,2,"hierarchical"
"f2FdHBZDr8q5bibLi",1.22239798357059,0.270589671731356,4.26945519093623,4.71668504981912,0.558134855777094,0.597207452699528,0.803051235309745,0.99,12.5391258699973,43.0782517399946,60.2864587888479,3,"hierarchical"
"F5Zg4XCNFq6n2cbMK",2.1931406362934,0.345902653237375,4.08538575079325,4.36576222601248,0.494710125316535,0.50852712703075,0.572782882797041,0.474491273135155,5.28435984605986,28.5687196921197,45.5951023751154,3,"hierarchical"
"fayFWbzNk3iNFoczM",2.01203864821704,0.290228095615219,4.35797939556539,3.8703766117256,0.481994853463337,0.487574498189775,0.912493160897033,0.867392247081944,12.1065354108348,42.2130708216696,59.2394535046652,2,"hierarchical"
"feAs2YDsezGm7Y4tB",1.99999674529608,0.364637665208693,4.64354595373499,4.52872668204935,0.505196831087489,0.506465963596159,0.351174269853138,0.365573982887049,2.35692584589377,22.7138516917875,39.7402343747832,3,"hierarchical"
"fKAj3eX6QZyZhZaQX",1.99885334271879,0.254946563827799,4.3886458361371,4.40757301755094,0.579501656682867,0.523324485463284,0.794336656377601,0.891186512263203,10.6601707032826,39.3203414065652,56.1611505047362,2,"hierarchical"
"FW8pE9hEfsqWL6XYY",2.00007210314344,0.36796837486687,4.68822822792628,4.70825880609767,0.534792471216949,0.515127360770187,0.951957625366019,0.929326947350947,12.6400305054905,43.2800610109811,59.9313894263716,3,"hierarchical"
"fzK7Pj4iAgfbRSwx8",1.7899339195286,0.435912533629274,3.89741798317216,4.63323164235506,0.487110993343487,0.575240661678922,0.75870663973191,0.967931046826211,12.0205362398055,42.0410724796109,59.2492795284642,2,"hierarchical"
"G4WM9iR3ErZ7APDvS",0.892326083110123,0.315504760009573,4.09000396169169,4.77447395253487,0.510239072758257,0.515233160428748,0.400381770218006,0.99,9.5972020915035,37.194404183007,54.4026112318603,2,"hierarchical"
"gBos5wbJNi362wqKs",2.00000374519878,0.439671828435198,4.80856075611546,3.68156228957959,0.586305129415976,0.50978956521441,0.653608741566024,0.622718206782959,8.11181578456273,34.2236315691255,51.4318386179788,2,"hierarchical"
"GCi8ZTfP7pjNh3ygF",1.98968309261602,0.394935510466905,4.29822274412366,4.44977976799228,0.594142888440825,0.519971374724908,0.849173444081743,0.920718683853607,11.648634686959,41.297269373918,58.5054764227713,2,"hierarchical"
"gDDqZ4APaFDnAPkBM",2.01685664979619,0.304055663601073,3.97627643385905,4.48494268621564,0.683212546054861,0.449374286658521,0.858599545869702,0.949206920262036,12.5346531148161,43.0693062296323,60.0956889126279,3,"hierarchical"
"GEwKu8fxgYxA2CE7x",0.01,0.388340697374432,4.44902681235442,4.36167240714534,0.569683685913521,0.520612613532523,0.891625190180686,0.960771418515842,14.9879089541502,47.9758179083004,65.002200591296,2,"hierarchical"
"ggHn6ddbqYBsqqpj7",1.52028924485796,0.116117777429623,3.64193702472045,4.69654673800888,0.569643796040041,0.504773381035681,0.873144995146212,0.935015025474034,13.2267105307002,44.4534210614003,61.2942301595713,2,"hierarchical"
"gpreusFXTLjCquosK",2.00066168818761,0.557368237936801,4.08131930951454,5.19271253383021,0.53953059683633,0.265732234195088,0.843941085859935,0.436883854416115,9.42026058122977,36.8405211624595,53.8669038454552,3,"hierarchical"
"GwdKonwx45xH4bGJo",1.77859984670854,0.413824410574218,4.6529270439436,4.70375732839345,0.651019492748378,0.504282176329303,0.928402376559951,0.983563717735816,13.5363844430756,45.0727688861511,62.2809759350044,2,"hierarchical"
"h633xXHHiPR8zvQez",1.38842137403547,0.287465208239282,4.22754434819313,4.66511066112784,0.597588779125128,0.548621509517964,0.949447718378334,0.965694572414072,13.8818503828923,45.7637007657845,62.7900834487802,3,"hierarchical"
"hFnRGnnbkqJCyPjhF",1.34868816170611,0.277088722776011,4.18846931664079,3.96127073910306,0.588261545488623,0.480501346033809,0.825380382423072,0.85428137989457,11.1987381261065,40.3974762522129,57.6056833010662,2,"hierarchical"
"hfnZYnFrK2htSh7Fq",1.9380222295749,0.514993298140989,4.46629224516004,3.34824191543028,0.530290575494822,0.445342570089743,0.777049897876832,0.55446233613832,7.71689086389393,33.4337817277879,50.4601644107835,3,"hierarchical"
"hh4qJjYdwZYPEHeH8",1.40658056102712,0.312537360158153,4.30866329945906,4.6068085412302,0.571483119820977,0.630640981702615,0.942043617073784,0.99,14.4058735341974,46.8117470683948,63.6525561665659,2,"hierarchical"
"hibiX8TGatbBx887A",0.137660087936249,0.283021794880269,4.73965820005053,4.36677408641591,0.600620188793242,0.639773953998294,0.99,0.976532297509776,16.2497706108958,50.4995412217916,67.7077482706449,3,"hierarchical"
"i37oYBN2MWCukq7eP",2.00232944990922,0.349279099359836,4.60673928111788,4.54609302917416,0.729878307099324,0.40627946001649,0.654557641810007,0.964324107811303,10.1188757923728,38.2377515847455,55.4459586335988,2,"hierarchical"
"i9c86bTZtwmiy2QrN",2.01505223117635,0.264723239600265,4.54884375145474,4.59736517913482,0.544613752632475,0.464988273269302,0.982772282092557,0.912768187610215,13.4138307789444,44.8276615578887,61.4789899732792,2,"hierarchical"
"ig8TppDhAgvNhrq3a",1.81576488548419,0.244554994892607,4.3128858106186,4.56297060378107,0.64058878184749,0.582686852484417,0.953154818021659,0.979757691103525,14.1376525330007,46.2753050660014,63.1161141641725,2,"hierarchical"
"iJQmXH2QMqKPp6wyu",1.52604698403057,0.299957533195979,4.48425264783554,4.61320515806081,0.532346230285215,0.591255332561645,0.955152089515325,0.93984312074944,13.3762395028378,44.7524790056755,61.403807421066,3,"hierarchical"
"inGrj4rs6YNvqvAPb",2.04680294544694,0.312921441079767,4.29037206177134,4.21039026483376,0.545049547488205,0.559859059752113,0.966673317876012,0.786370778023302,11.7874819880244,41.5749639760488,58.2262923914393,2,"hierarchical"
"ipDaioMcYw6HwWoxW",1.99014550161217,0.265069840081522,4.24639856268251,4.63745268881785,0.621126348300618,0.668984430159528,0.804424080843698,0.852542423747631,10.8027526334766,39.6055052669532,56.6318879499488,3,"hierarchical"
"iqQMMWSpQpuKtpqzp",2.0006842838538,0.378609517356727,4.65178206194323,4.65632465996715,0.538119277845273,0.526131629447462,0.935230018768411,0.951870460004471,12.7624696493687,43.5249392987375,59.7849017066703,3,"hierarchical"
"iTsSFZydAxMNk4H5X",1.90878384584637,0.505649181467126,4.50257362422918,4.35061573800914,0.618129050016552,0.508593324258684,0.898647212875372,0.919196478163542,12.3045175594525,42.609035118905,59.6354178019007,3,"hierarchical"
"ixhJYtMzcxshRLyCH",1.75141543167932,0.287119150330967,4.58268128716016,4.50157958962839,0.589200344682588,0.544019219283247,0.942349081203761,0.956038440871127,13.2443688242811,44.4887376485622,61.3295467467332,3,"hierarchical"
"iYTgW5T333CWcsfmh",1.95009822532175,0.377051260037211,4.41789086327175,4.63543727794138,0.50869801829913,0.414643596596134,0.907983624059038,0.937963409854247,12.6190465503352,43.2380931006703,60.264475783666,2,"hierarchical"
"iZfaFMuMSyvAddwBS",2.00613678156622,0.383361263790853,4.67082618301247,4.75246649141354,0.514748569239622,0.513985809785792,0.898722715054633,0.956465825548744,12.3181962162781,42.6363924325562,59.2877208479467,3,"hierarchical"
"jbpaPgCaMgYkRWEao",1.64352243171774,0.241531210249159,4.57958259331186,4.35757862379162,0.532960386300159,0.508393995989273,0.432076869039289,0.381674528165279,3.55355345239806,25.1071069047961,42.3153139536494,3,"hierarchical"
"jtCkRhCfghMB4pSKc",1.789560059885,0.233369124919713,4.42236334696051,4.11224171515833,0.528260520598444,0.537250510299867,0.926453194293001,0.873065340481778,12.2353216523288,42.4706433046576,58.7306057125905,2,"hierarchical"
"jtSCTzq2BSCnhLpJm",1.35354908384419,0.253249194621893,4.56285486016225,4.62646434528965,0.530083503579523,0.640707926662084,0.883530370131924,0.99,13.3837948204874,44.7675896409747,61.4189180563652,3,"hierarchical"
"k75ryzJLnpnjcyWMZ",1.94489200584467,0.310278382928596,3.99056722311122,4.67498185213803,0.484883871015265,0.508502762267193,0.809213686244823,0.928817520396175,11.5903459265218,41.1806918530436,57.6384644214454,2,"hierarchical"
"kk82Zwq8qB3EPZDqz",1.9985419157443,0.555943141381322,4.47650925539518,3.50406583354395,0.73980334296395,0.463416328292497,0.848023096545466,0.618504444384315,9.62281720214918,37.2456344042984,54.4538414531517,2,"hierarchical"
"KQ3vR5FMgLmQFvHYY",1.28186849167486,0.253356795201756,4.77194158341566,4.58645232584745,0.559003968430889,0.541746121382705,0.978079193939599,0.975980615699367,14.3697635722492,46.7395271444985,63.5803362426695,3,"hierarchical"
"KRjcZ7HM83rHBHa2z",1.87752168397922,0.369592493033054,4.36708000889394,4.39767382797927,0.615978586890973,0.516597397991474,0.879351732379407,0.41684561056346,7.79267722837978,33.5853544567596,49.8453168646924,3,"hierarchical"
"KrMKd9t6wHWcie5KY",1.98655532050189,0.349916429853276,4.45120015058562,4.42836877826628,0.725723192109605,0.51437483371158,0.99,0.900033901524592,13.7600781936724,45.5201563873447,62.728363436198,2,"hierarchical"
"kS3ZuehqRYQaatj7X",1.43842314701292,0.213742601755971,4.06737760177863,4.35861177883807,0.662757125847643,0.558017586685971,0.952814690016856,0.924878599717554,13.7106865256011,45.4213730512023,62.6295801000556,3,"hierarchical"
"KsdrRF8ja8FFhws5f",1.94460428363141,0.372882334428484,4.35819826770828,4.54874498298638,0.191183805041754,0.552812765425671,0.772854215165326,0.966639566526075,12.6066158365577,43.2132316731154,60.4214387219687,3,"hierarchical"
"KyRPNfTRmBvPMrHqq",1.93405138091806,0.23354304782795,4.69385791933065,4.08759434278158,0.496843625456978,0.361985804250601,0.954388338828888,0.715019267051659,11.0826591482914,40.1653182965829,57.0061273947539,2,"hierarchical"
"LEGhKb3RP6EcgEKvX",2.04209343464511,0.37194690106028,4.61022167992691,4.74818178176755,0.655519639503822,0.495830490231465,0.978335473868061,0.919113764390491,13.1887661252902,44.3775322505804,61.5857392994338,3,"hierarchical"
"LpjrYMB38ej53iybS",1.98930718848271,0.241140815013471,3.81026524107858,4.36207603761747,0.56084574022474,0.588224959747626,0.716421954891465,0.796986242871528,9.03759286136439,36.0751857227288,53.1015684057244,2,"hierarchical"
"LrdehovdoeNoYXHvL",1.97400569458987,0.292802185258023,4.3792445695022,4.47422864541162,0.703668605067011,0.591925545246364,0.935675639736332,0.951882169567728,13.4940061047644,44.9880122095288,62.1962192583821,3,"hierarchical"
"m7jzbNcshmJ7ZZEwp",1.76829517072741,0.341831858601797,4.61401586010456,4.62033579609672,0.529595917426364,0.525117607360506,0.964447465099312,0.95977848694436,13.4538723232935,44.9077446465869,61.9341273295826,3,"hierarchical"
"M85ajvswFgHgYCgpD",1.97652412956754,0.323170849766667,4.39354696880452,4.73575116488886,0.590213434143548,0.504515829591044,0.946352349491048,0.95298312782439,13.1227794256082,44.2455588512164,60.8968872666069,3,"hierarchical"
"MBh52GAaDc7XcK7fu",2.00086108652592,0.466597133465595,3.42887335718741,5.03507955896178,0.379742655777825,0.536982626416749,0.673647535048756,0.657202968185416,7.93488286170357,33.8697657234071,51.0779727722605,2,"hierarchical"
"MDfLeY4zbfLsLWT97",1.99999873951361,0.357638196839006,4.42761894361568,4.43873253800103,0.514873212035848,0.503806937661547,0.401322461973126,0.370890803148882,2.67800325433734,23.3560065086747,40.564213557528,3,"hierarchical"
"mFsazycX7sAsp9h25",1.96828284383887,0.453444017439291,3.87439029469381,4.28355126377808,0.548423946370133,0.490886578160198,0.749747988890626,0.889005166460044,10.391796737767,38.783593475534,55.9918005243873,2,"hierarchical"
"MozhHaQ4szyqQu5eq",0.65315132380063,0.392420931551668,4.54507710419388,4.26378213793152,0.492904220219389,0.568335267938564,0.86971772104011,0.746081062010761,12.3406174004451,42.6812348008901,59.3325632162806,3,"hierarchical"
"msdLxvzuFuBEfwHNP",2.0018953401904,0.271097241939142,4.30345447435848,4.39749074717771,0.52484698710722,0.0131851058933125,0.415120218522219,0.721402111430447,7.32385721627834,32.6477144325567,49.85592148141,3,"hierarchical"
"mtSNnmY4epZtXbxjF",2.00881417266693,0.232145359077569,4.57020240166843,4.28106995433067,0.560386575375737,0.610741521814185,0.847202415845479,0.919170449322367,12.2333018101417,42.4666036202834,58.7265660282163,2,"hierarchical"
"MXMDFz7DphghwASKG",1.41339638450175,0.302255399561224,4.68761710162954,4.53105755648789,0.521452728402571,0.548509714582246,0.976115595381833,0.969484670740401,14.0818470162253,46.1636940324505,62.6214666008524,3,"hierarchical"
"N2RXRFHQ2rhtDakGM",1.99676559297638,0.665950128181323,3.27671402817431,3.51096618397244,0.508058873906536,0.525539430284968,0.749298152182799,0.771554295941276,9.79203288374573,37.5840657674915,54.7922728163448,2,"hierarchical"
"n3MHhgEbesYtmt2kn",2.0491181246032,0.287601815745277,4.55422336990814,4.4077809891383,0.671268105563318,0.531397631320344,0.972505621954448,0.919988342819092,13.3155430497362,44.6310860994723,61.8392931483257,3,"hierarchical"
"n3NfFKtoPnhZpasBC",2.00093990087691,0.619376139256319,2.6677119704417,3.91571386894662,0.517776295872415,0.53561124744998,0.602309136122354,0.847183459320882,9.29439736035356,36.5887947207071,53.7970017695604,2,"hierarchical"
"N5ZHcAxKkpfLMLkK2",0.131087335341946,0.334840661227286,4.48804907441473,4.64809975152113,0.532906900367805,0.663488195685223,0.951776175628996,0.99,15.8090110949016,49.6180221898032,66.6444048727989,3,"hierarchical"
"n9aaRzPoqbYJ6PBxf",1.23633196735517,0.364261762996345,4.13662452613904,3.97211164296352,0.532475344301349,0.527532569069209,0.421350539588593,0.944697702012992,8.87040296257967,35.7408059251593,52.767188608155,2,"hierarchical"
"nCh2LGBiZh9Zbacqh",1.52290758917197,0.346685153567792,4.24354748456801,4.41273855550623,0.622066759808519,0.522508518857331,0.974634900845664,0.986970346460564,14.6285514431627,47.2571028863254,64.4653099351787,2,"hierarchical"
"NdwuaTz3c455EDcMR",1.53455578172735,0.268456464955563,4.28231123469073,4.18088301686895,0.624745798928759,0.618336682546068,0.947495696814225,0.960148662002085,14.2758138818722,46.5516277637443,63.57801044674,2,"hierarchical"
"NFBuuZTCH8LQ2kWCB",1.9999835188086,0.405286554645616,4.26944128733013,4.54239068724486,0.463743395541391,0.558588819871383,0.801958422298571,0.921604791106101,10.7746761044703,39.5493522089406,56.3901613071116,3,"hierarchical"
"nhHityYuFwTypnDnG",0.708620878242013,0.227316001869341,4.64053788882363,4.83015715143225,0.422760030177555,0.924391401904352,0.970339370853698,0.99,16.4375332277709,50.8750664555419,67.7158755537129,3,"hierarchical"
"nofYosxEPLN62DENK",1.32962105471052,0.338901820063125,4.74922570317023,4.47547899213904,0.564003411020699,0.50419300360783,0.979045242295953,0.877035781677066,12.968367461888,43.9367349237759,59.787535965018,3,"hierarchical"
"NtML36DS3EbbMyQme",1.15991489783691,0.313137682640069,4.70478539142285,4.61098984759986,0.546358306637365,0.637777945122576,0.988282404944085,0.99,14.8871889145635,47.774377829127,64.4257062445175,3,"hierarchical"
"nzAZFfjoyKnjRsrFS",1.94218746765731,0.412832593468826,4.46316082184696,4.48586161728113,0.554857930078175,0.519587069456145,0.949997384231654,0.956946409391719,13.1622225832318,44.3244451664635,61.3508278494591,3,"hierarchical"
"otzGMAMYTaNM4DdPn",1.99994024359124,0.345378365834439,3.98740385162607,4.75332335109174,0.203713437923607,0.534265482720362,0.814288398420355,0.952356761733437,12.0543256588956,42.1086513177912,58.9494604159622,3,"hierarchical"
"p9Pc7iimdmsm2sGzM",1.94975308202875,0.411490469064171,4.76887219287056,4.50093145219269,0.576714768783636,0.592416563835023,0.975260345243794,0.743491360053828,10.7077084752362,39.4154169504724,55.8731895188743,3,"hierarchical"
"Q33ZkhGogK54Yiad6",2.00002288985881,0.239539433489535,4.19289621718327,4.33346025161041,0.520607242283237,0.556756731145327,0.86789930742106,0.904021572276217,11.9327354975534,41.8654709951068,57.7162720363488,2,"hierarchical"
"Q9yqtaGi2EPt3hwfa",1.94221610598252,0.467744220656572,4.22204853195804,4.1931531129127,0.521127029339854,0.552725187020633,0.834853385020456,0.871959403341395,11.0103499371015,40.020699874203,56.861508972374,2,"hierarchical"
"qc9nsRDra6Y5AbpGC",0.58543401589581,0.533080938926153,3.01628798492316,4.49024872167778,0.528316811540422,0.455739026587118,0.784356773816058,0.944278977474104,12.7439498011259,43.4878996022519,60.6961066511052,2,"hierarchical"
"QEkygPKFDHX8dTovL",1.99994926516505,0.268094078191926,4.12016129179931,4.49684244832948,0.53248910506461,0.476227204912477,0.875220751310667,0.900710761234886,11.8511483384819,41.7022966769638,58.5431057751348,2,"hierarchical"
"QiAFXTGpSRyku26si",0.01,0.282383506888319,4.96380693364291,4.42866104627767,0.554058632326679,0.563526940739233,0.484621785228833,0.906255965122728,10.7228887601711,39.4457775203423,56.6539845691956,3,"hierarchical"
"QphCK7XfX4oCrjvww",1.83907194891056,0.384929669123177,4.6673003096503,4.72357282598469,0.540900061694016,0.508356994007013,0.971276507128854,0.982765947294445,13.7439649982984,45.4879299965967,62.3287390947677,3,"hierarchical"
"QT7mxdnWgS9W97t2H",1.99924568877651,0.447284903574576,4.60181403090019,4.05336070551979,0.443617312893697,0.564756221923189,0.913733982497329,0.838116035213345,11.2645790405156,40.5291580810311,57.7373651298844,2,"hierarchical"
"QwxrtX6nKnEXWhPim",1.92909721935447,0.360443366661874,4.66480433184132,4.58738746247132,0.545219760541769,0.728175044917047,0.963400287428839,0.99,14.2314450192981,46.4628900385962,63.6710970874495,3,"hierarchical"
"r8A8dnypXvzzDjC9A",2.00670597512578,0.290899974258104,4.13325481872619,4.59589482317753,0.515374373345198,0.610528593886136,0.405885785789808,0.949667769716102,8.26579756282152,34.531595125643,51.5579778086387,3,"hierarchical"
"RAnPiw2wuw8cPAnZM",1.85022190111286,0.221576837092903,3.91367677143729,4.52072963663719,0.549734382106049,0.540948059570096,0.858375621257987,0.934984606418652,12.3676135664983,42.7352271329967,59.5760362311677,2,"hierarchical"
"rCALFNNX4fFAWXKF4",1.77666882001478,0.153472927473132,4.15454641734321,3.33258817758044,0.512508015106783,0.51895735334126,0.698446942214461,0.766371715191843,9.35495677568501,36.70991355137,53.9181206002233,2,"hierarchical"
"RFCGABXPtqyCd98Tm",0.83046376170916,0.392369444124727,3.79876776986647,3.52593051665272,0.547589645672547,0.555837461531686,0.91644271166034,0.912696766867319,13.670496128298,45.3409922565961,62.5491993054494,2,"hierarchical"
"RnGhGAoxgGGCzXdNR",2.00965694528401,0.395453285377361,4.64719125364162,4.75890158927589,0.544066049135867,0.521981875734788,0.877929154885916,0.947782118731745,11.9149345927445,41.8298691854891,57.8875758907534,3,"hierarchical"
"rRaFaEeBvfwz5YYyz",2.03319545955957,0.329379687251091,4.63553709127293,3.84564689843867,0.506121769490102,0.635956576028084,0.860425082044937,0.919102290066227,11.9120907515306,41.8241815030613,59.0323885519146,3,"hierarchical"
"Scejxx5jwQ4pGjsdH",1.67750591313982,0.287245378392707,4.40925127261013,4.58555865936018,0.556679715597163,0.496807835848044,0.949647361086344,0.99,13.9461620027691,45.8923240055383,62.7331331037093,3,"hierarchical"
"Suf75kfKvqyAqe5a5",1.18829132620293,0.17834054134986,4.50053042749695,4.4151135570979,0.597783789602373,0.709925060096032,0.964152720278047,0.967967664630702,14.7846228255528,47.5692456511057,64.777452699959,3,"hierarchical"
"svtP9WMjEcd9CBpsP",2.00004577645056,0.347932675863295,4.73100146885395,4.27388044915058,0.446710187610458,0.503499837867515,0.87862635295763,0.409063055570322,7.16058713117652,32.321174262353,48.9725026777436,3,"hierarchical"
"sxpHgkezZ7Az2shHq",2.01023797016526,0.318480204330926,4.74981384130647,4.80540302641477,0.540450230133877,0.505117548706856,0.936768783794414,0.964481577490697,13.0563862146687,44.1127724293374,61.139155112333,3,"hierarchical"
"t3QxQ6jXii72iYCJs",1.5047614174717,0.297276799934529,4.58771112273006,4.56116341200206,0.550493977684667,0.505022175705302,0.96730708313643,0.99,14.2529043193616,46.5058086387232,63.7140156875765,3,"hierarchical"
"tchBBCWaoktNqcDJQ",1.11459047997724,0.249855244163336,3.84961415624921,4.72723404298975,0.558700780886787,0.529205960585063,0.912691410709097,0.961433502063517,13.5274711208919,45.0549422417838,62.2631492906371,3,"hierarchical"
"tH64wBxa8PTJXp898",2.00080380548085,0.37918031914424,4.65800650298048,4.62372519304607,0.500844630151386,0.538651550751254,0.909714855022184,0.880882825824452,11.4403186768804,40.8806373537608,57.7214464519318,3,"hierarchical"
"tHGcfndE9oTaQrbZo",2.0000009952369,0.321131167118639,4.70606257261477,4.48775830500905,0.512017739981129,0.505800216187334,0.494564750850431,0.369140951213939,3.4634855198185,24.926971039637,41.9533537226326,3,"hierarchical"
"TncHr8XzgrSsm9bhr",1.6920287289936,0.295475431093658,4.3851612412091,4.38964276203022,0.540310305283601,0.498419934772323,0.875867298532421,0.928178753559818,12.1882001176163,42.3764002352326,59.5846072840859,2,"hierarchical"
"Tomg5iun2wXdEtrGb",1.36360173460347,0.364750640809073,4.34201915813746,4.55186630805153,0.564851874518376,0.489758047040594,0.908009510919597,0.957769247017098,13.2829253462972,44.5658506925943,61.5922333755899,2,"hierarchical"
"TPPSGrBR4EcTzdYCc",1.68280169776325,0.248906053614393,5.35243984153895,4.32923898629677,0.552296763671176,0.512235397396493,0.644027123817347,0.391107504514068,6.5519722255637,31.1039444511274,48.130327134123,2,"hierarchical"
"ttDSiPLpEcCMkfJCN",0.254395023923552,0.408372476652464,4.3433765539432,3.82916626665384,0.525988042761843,0.501016911343266,0.957996821616444,0.828256894335163,13.7110921057122,45.4221842114244,62.4485668944201,2,"hierarchical"
"u4HsniGxweJKnaE3J",1.94316376836242,0.209157912466409,4.13186781257545,4.33598489675725,0.679956451823672,0.545126248741527,0.838931419960342,0.914819006584155,12.1321684579456,42.2643369158912,58.524299323824,2,"hierarchical"
"uf3savX4JPbojL3W4",1.9689668595114,0.31496937387036,4.4440927951651,4.58622179794416,0.548280180384368,0.523490991151536,0.900941290536958,0.939357032199706,12.4644630013264,42.9289260026528,59.7697351008238,2,"hierarchical"
"uo7uXGZ3yDjDijhvn",1.81256741790057,0.270405886135531,5.52485382619356,4.74964632575482,0.535073041141158,0.247613951398908,0.464221789783434,0.906108359655617,10.908747780394,39.817495560788,56.8438782437836,2,"hierarchical"
"up72PaREeYvSt8NGC",2.00650021344236,0.309740859145362,4.56989887057834,4.60144061280537,0.513624809543065,0.611952420047847,0.945894944159462,0.925559627671318,12.9570614069109,43.9141228138219,60.7549319119929,2,"hierarchical"
"uySJDtSAH7NTwzChc",1.98458974808888,0.276839667915805,4.42849233725415,3.93758432051703,0.49901967060277,0.527287508124913,0.89551802108952,0.646625453192467,9.19799762467233,36.3959952493447,53.0473236647352,3,"hierarchical"
"v3C8m3hrGBFw7C6yR",2.00790697955786,0.417037611523276,4.12485851293481,3.84621425394923,0.501038029205183,0.509960235080767,0.777092004472112,0.420416178037918,6.2592344930878,30.5184689861756,47.3592780843466,2,"hierarchical"
"v3nJGaFTLZeP9a8Wf",2.01016779912683,0.236157903513064,4.37200974802159,4.59147301676309,0.592281915783817,0.483589261673952,0.758232962024333,0.924681921451197,10.6207647214452,39.2415294428904,55.892857858281,3,"hierarchical"
"vqYFpsi2erDcHcAvs",2.00760613928548,0.338366796612598,4.46845680799665,4.61871237685843,0.60715151478328,0.524926330875404,0.954495288347227,0.933589450767207,13.042309846946,44.0846196938921,60.1423263991564,3,"hierarchical"
"vXitrhFTWWXoGhLQS",1.59173995378014,0.272663046949198,4.60675424376089,4.34044033284879,0.503695462877887,0.492022454126848,0.970760243314548,0.949748971002118,13.8118319745673,45.6236639491346,62.4644730473056,2,"hierarchical"
"WcpFWD3sn2dnt7ruN",1.44397437505685,0.254027043046364,4.24557022728386,4.29545530238566,0.625749118948856,0.646751367253729,0.922773694284503,0.957891028289394,13.7309241457664,45.4618482915328,62.6700553403861,3,"hierarchical"
"wG6QjNWp5mYqNWuBF",3.11524755639446,0.413349312528215,3.83209735982291,2.76065486439022,0.533078557830266,0.502648541169779,0.549657730289306,0.598537344344184,7.14590543362172,32.2918108672434,49.5000179160968,2,"hierarchical"
"wkP56uZ6uxtoZWvEx",1.13924279064991,0.247019291845104,3.79470229387675,4.09508606572985,0.517817556018647,0.506399449075268,0.734410860916939,0.87632435256136,10.924919191037,39.849838382074,56.8762210650696,2,"hierarchical"
"WPFaEtA7nyZHg4Y47",2.03542488442926,0.297092158486281,4.63167289642518,4.72275434951272,0.54816069972156,0.510456693174268,0.932191475100608,0.945599027397053,12.7457125730684,43.4914251461369,60.3322342443079,3,"hierarchical"
"WqjyipyHYQTFDgpma",1.90196621258807,0.246124439144385,4.48288324555821,3.80780067782087,0.545947373619097,0.637215361965708,0.971982992120458,0.85424121230741,12.8008781562319,43.6017563124638,60.8099633613171,2,"hierarchical"
"wrfmh8v8Ndz7y92Zi",2.00097943200398,0.300425792801754,4.43562750491696,4.64019347125664,0.626160602670711,0.521978414145716,0.940235254571255,0.949938370035284,13.2026582704015,44.405316540803,61.4316992237986,3,"hierarchical"
"wRYnMSayjZKRGqRqt",1.74422496011855,0.291313795381245,4.25294260481059,4.36309265893389,0.511063813637212,0.509876667360618,0.389740387421781,0.37772343103198,2.90182236016586,23.8036447203317,40.8300274033274,3,"hierarchical"
"wsZzoe3S4epTeQauL",1.98819975444679,0.44652762136872,4.32783352515327,4.48799514299134,0.506395556963488,0.595118830463022,0.873323166545744,0.868778595686361,11.3991173335485,40.7982346670971,58.0064417159504,2,"hierarchical"
"XegK3ZL8buDE4txYG",0.0830634455455474,0.394903928437743,4.35405705545857,3.91271966420067,0.574583492907758,0.498340204431282,0.985036950392388,0.905642346868873,15.1883820948267,48.3767641896534,65.5849712385067,2,"hierarchical"
"XH98XuvMaGixN3eSp",1.99881294068134,0.286676626977043,4.24799977228294,4.4383048646873,0.529138347926431,0.59139509593956,0.419611090927529,0.723372752481851,5.50901982685263,29.0180396537053,46.2262467025586,3,"hierarchical"
"XQeKZ56cpS9nyygnL",1.54609146489496,0.330229971067978,4.69397614292258,4.62205606662668,0.593171300375927,0.503647751170856,0.99,0.350449302671767,8.57570683337636,35.1514136667527,52.359620715606,3,"hierarchical"
"Xs8SR4fz3z2r8oZMn",2.19947672573424,0.331626101583187,4.31729285629426,4.06660483335928,0.502689860124341,0.514142642203613,0.498629513813537,0.404261321937467,4.43992978920776,26.8798595784155,44.0880666272688,3,"hierarchical"
"xwzqYG2ZvEjx6mhJ5",0.01,0.547872526852388,4.26463371432697,3.1776417785096,0.574724136517115,0.543505514127612,0.973242050316786,0.705920036950651,13.4371952272541,44.8743904545083,62.0825975033616,2,"hierarchical"
"yCHzWTjvx5F5HfJwd",1.99001061315152,0.311461030462173,4.62867087299595,4.38384582863597,0.586243018365866,0.493282745627065,0.891734652671492,0.91704175983122,12.010946931494,42.021893862988,59.2301009118413,2,"hierarchical"
"YcSSS9cB9GAyueBcA",2.01151948291469,0.215709108921709,4.45085153947443,4.31304125433515,0.545630119501521,0.465739354421631,0.929833723359572,0.893935384436331,12.5062216100448,43.0124432200896,59.8532523182606,2,"hierarchical"
"yerbgPdoxYmef2g9C",1.42591546211482,0.435693556687714,3.90879599045536,4.12515462168269,0.526284689014574,0.763009900462247,0.973904342125913,0.789171955968246,12.4189598941113,42.8379197882225,60.0461268370759,2,"hierarchical"
"YhxDftyhYzoMQY8bk",1.77974953847054,0.298947621770965,4.50849483853815,4.7926016315886,0.556708688660975,0.574578271253096,0.928536642793044,0.97741683913477,13.3592782224354,44.7185564448709,60.5693574861129,3,"hierarchical"
"YNKzunS5xPmBze6ea",1.46202576380255,0.275548480698174,4.55388804041884,4.64653230571927,0.574261253751215,0.510834326020901,0.966821033422909,0.943905830016696,13.6271899515498,45.2543799030995,62.4625869519528,3,"hierarchical"
"Ypev43WHEFDqHzLbZ",0.783911180875087,0.242585916637237,4.58717041476715,3.04813179405084,0.471846891312288,0.547160631847939,0.576592225178354,0.627565241455065,8.22269746458922,34.4453949291784,51.4717776121741,2,"hierarchical"
"YWYrb3pQagdr9GHZy",1.98547949154851,0.301129622645548,4.03762513740022,4.40373228031001,0.817932495357187,0.649868091306849,0.947424478067338,0.888690437927733,13.9531766607475,45.9063533214949,63.1145603703482,3,"hierarchical"
"ZbKdYEBcyQRYYRZRd",2.01612219276743,0.489097855121733,2.68609728389898,4.21367670673625,0.519852688684593,0.499615001032964,0.653765022434235,0.87853803186524,10.0243318608365,38.048663721673,55.2568707705263,2,"hierarchical"
"zgoFBo6m4D8jZDPFE",1.9469584722039,0.377564054995846,4.40102843924605,4.29429001730902,0.479720496737515,0.494289003421272,0.909760201224805,0.924436944321626,12.4401386567469,42.8802773134939,59.1402397214268,3,"hierarchical"
"Zy9TbjSysyttPJkfj",1.97451161283597,0.289162961189125,4.31810031413151,4.24468384671971,0.562431247152708,0.651698954323644,0.899134887201141,0.905897456079616,12.3034584342848,42.6069168685696,59.4477259667406,2,"hierarchical"
