"participant","k","alpha_b1","alpha_b2","alpha_tr_g1","beta_g1","alpha_tr_g2","beta_g2","nll","convergence","error","fit_timestamp","max_k"
"27i4qdReBcXw8YuEi",0,0,0,0.5,0,0.5,0,89.5879734614027,TRUE,NA,"2025-01-22 12:49:00",3
"2ghfK9aHNeDGySQ3u",3,1.0996092987801,-0.505889235450787,0.110154773155022,0.107413428695655,0.48544038256643,0.145919229225237,73.4231698152891,TRUE,NA,"2025-01-22 12:49:00",3
"2j73t2yQ64ngLzJyz",2,0.21065379532888,1.11155063059868,0.0572199070214979,0.00822823517463691,0,0,89.5181183715516,TRUE,NA,"2025-01-22 12:49:00",3
"3AgtjHpxyrgstBNMZ",0,0,0,0.5,0,0.5,0,89.5879734614027,TRUE,NA,"2025-01-22 12:49:00",3
"3dbsqfSprGiQhZaLf",2,3.19672276415829,-0.228664497753307,0.072376408047172,0.590095049440606,5,5,20.5555528445267,TRUE,NA,"2025-01-22 12:49:00",3
"3MJxZfkZpopGgv6Xd",2,1.33135630248053,5,0,0.184129217473282,0.0215455578334134,3.1213545063267,37.3404394434061,TRUE,NA,"2025-01-22 12:49:00",3
"3W6oYvY9BWQChF64y",0,0,0,0.5,0,0.5,0,89.5879734614027,TRUE,NA,"2025-01-22 12:49:00",3
"4pmMPmcSFQvdQzcsy",2,0.400761749928425,-0.350306401027966,0.0913840941663894,0.0130298735789443,0.00750892115320947,0.0728535375150233,85.63160915076,TRUE,NA,"2025-01-22 12:49:00",3
"4RkttSpAP5oejHxwQ",1,-4.54313551902438,5,0,0.113551946079329,0,0.0249726630848205,87.3042118628423,TRUE,NA,"2025-01-22 12:49:00",3
"53Gh5MSB7kKWYXdcA",2,0.36298749051194,-0.196718855094223,0.0378190953260266,0.0776027908626508,0.0584850569202409,1.44347757808338,48.2075199438776,TRUE,NA,"2025-01-22 12:49:00",3
"5fZ9mbFkp2dCyZLvL",2,4.03665238048208,-0.00852714402858923,0.348946184249871,0.0139083388786598,4.36470964496401,0.0560898909759047,86.4869338885358,TRUE,NA,"2025-01-22 12:49:00",3
"5LACqtjfXnavP6M8A",1,4.74612804277221,-5,0,0.253646824734367,0,0.209953599562183,76.1790061220689,TRUE,NA,"2025-01-22 12:49:00",3
"6G7Mori9G4LFJsArQ",3,5,-3.80111401159426,5,0.214897926320893,0,0.866306857843934,41.1718703848581,TRUE,NA,"2025-01-22 12:49:00",3
"6j4uzW8HNrFcpQSNA",2,-0.79015022302313,0.0784306293592575,0.0613732756167716,0.436654510125261,0.431519336253016,0.150935777818439,57.8205868941265,TRUE,NA,"2025-01-22 12:49:00",3
"6Ru8t52bsqgyANH78",0,0,0,0.5,0.313820135501328,0.5,0.38900508018808,56.8633004634795,TRUE,NA,"2025-01-22 12:49:00",3
"83SwbhmvKbnkpGeok",2,0.647924359129328,1.16209640498514,0.008294593618269,0.179286209668275,0.0645066679138777,0.230551660847404,63.4183671935691,TRUE,NA,"2025-01-22 12:49:00",3
"85QnxjnxoDBHR56h9",3,0.0256614687740397,-0.0120609140441324,0.076567654187036,0.479347404598869,1.33325696653323,0.483592689460244,47.5616381676771,TRUE,NA,"2025-01-22 12:49:00",3
"8R3xo4bmDcubEZPpt",2,0.509315096302861,4.31672410717149,0.0542634421769497,0.188656723171762,0.0352017318153328,0.219580387677062,62.1990475680695,TRUE,NA,"2025-01-22 12:49:00",3
"9NZPdsRHMfTffJ86Z",2,0.463198437378148,-0.377257459278315,0,0.211592390704832,0,0,73.6034895618119,TRUE,NA,"2025-01-22 12:49:00",3
"A7xu5DSWfjo8c3FBA",2,4.99998169154739,4.27421089277631,0.232386564717448,0.223429777230537,0.0125097147275841,0.0701692596967407,73.3169848560698,TRUE,NA,"2025-01-22 12:49:00",3
"a9hGmsRsdt7ZJAeQk",3,-0.125200232898077,0.15932929989049,5,0.0307797920483116,0.0835620431817834,0.0841467610528776,83.084158453514,TRUE,NA,"2025-01-22 12:49:00",3
"Abfu89CDogfCDRrdD",2,0.0327818225396182,0.734493386916514,0.0136659320375393,0.0830744497965793,0.0103253710517316,0.0182803586022634,85.6011566123014,TRUE,NA,"2025-01-22 12:49:00",3
"AhfubTP2TdW5Wm9Tw",NA,NA,NA,NA,NA,NA,NA,NA,FALSE,"Error in if (p_chosen < 1e-12) p_chosen <- 1e-12: missing value where TRUE/FALSE needed
","2025-01-22 12:49:00",3
"AiXyxQy82SP82Mz9s",2,-0.0340796748918347,5,0.0116839146617211,0.0294039556953144,0,0,88.9743885035058,TRUE,NA,"2025-01-22 12:49:00",3
"akWAen38quSK7Kg4j",2,1.94102214918844,-5,0,0.118021436000564,0.0155553919914251,0.244391301186709,67.6672122390282,TRUE,NA,"2025-01-22 12:49:00",3
"At2dQJ4sv55MyXDs7",1,4.95778264639416,5,0,0.181917107720004,0,0.144831905399088,81.1247948348548,TRUE,NA,"2025-01-22 12:49:00",3
"aYxN6zfrwbrLBL32W",2,-0.0726538924618547,0.0658996507069431,0,0.083447656349126,0.037796466663343,0.0873196077144594,81.4147949802293,TRUE,NA,"2025-01-22 12:49:00",3
"B93AwGvKW9caWEvmu",2,0.127397851673103,5,0.0423620851520574,0.0972393402257622,0,0,84.3993497952577,TRUE,NA,"2025-01-22 12:49:00",3
"BaisKwodTw2aofXty",3,0.177991526750696,-0.112820346872269,0.00489271002561482,0.0813751562582076,0,0.174512705326598,71.7983016806169,TRUE,NA,"2025-01-22 12:49:00",3
"bFMXvE5mC7tDsHNxi",2,0.613676983876325,-0.594499334803035,0.0777281909202887,0.813232353614524,0.0591278496575399,2.4455501700299,20.4705818426711,TRUE,NA,"2025-01-22 12:49:00",3
"BjirnYWmbJDoF5MZC",3,1.66104210503623,-1.64221187459969,0.0834861216332913,0.0145768646512032,0,0,89.3883861546771,TRUE,NA,"2025-01-22 12:49:00",3
"bKhnRtYLu5DDWuY49",0,0,0,0.5,0.156187032110483,0.5,0.15142186400874,74.5694998134302,TRUE,NA,"2025-01-22 12:49:00",3
"bpNrvkZN8ogijjA5K",2,-0.828528925741738,0.827831884096849,0.0171806253058704,0.0834537739423401,0.00464546267058736,0.1069142028741,79.475261568107,TRUE,NA,"2025-01-22 12:49:00",3
"bPrEvXrQaX2WdGYNX",2,0.125101389952091,-0.282790970901283,0.00712255392371695,0.221170131751779,0.0146958085849401,0.458580387824544,55.9370209704956,TRUE,NA,"2025-01-22 12:49:00",3
"BxNfwbHaC9D97He8r",0,0,0,0.5,0.673373334702909,0.5,0.429307223331672,43.8600371144348,TRUE,NA,"2025-01-22 12:49:00",3
"chzK9whS4YsmcwD3y",0,0,0,0.5,0.089959926208115,0.5,0.176585518494504,77.5652385308587,TRUE,NA,"2025-01-22 12:49:00",3
"CnADLvFo8fkyBJZkC",0,0,0,0.5,0,0.5,0,89.5879734614027,TRUE,NA,"2025-01-22 12:49:00",3
"cTg9Hn6YHgnCc95Pp",0,0,0,0.5,0,0.5,0,89.5879734614027,TRUE,NA,"2025-01-22 12:49:00",3
"D5gA3jaFXLPFZTGqd",1,-1.65928671760916,-4.99998803495422,0,0.202689442924315,0.436484860105685,0.123893471377847,76.9209225882139,TRUE,NA,"2025-01-22 12:49:00",3
"d7QvkA8PceMoQcnYF",2,5,-2.23732081224091,0,0.294760760145382,0.386407222394796,0.0869894462322927,63.8597638058626,TRUE,NA,"2025-01-22 12:49:00",3
"d8jhtd87Z3xEpYsby",1,4.47651234456986,1.98797681623652,0,0.435052604230286,1.24891948119876,0.33028000177401,50.3667056263612,TRUE,NA,"2025-01-22 12:49:00",3
"Dbtfi7wLjginpt97g",3,5,1.78191513865898,0,0,0.0391553903137299,0.0264916642178416,88.9381099182735,TRUE,NA,"2025-01-22 12:49:00",3
"DjKevFkBso4yTMWR8",2,-0.0544692609222924,0.0276247514871025,0.00129024601593562,0.280211555710382,0.01131081228029,0.29757026543727,50.467314871058,TRUE,NA,"2025-01-22 12:49:00",3
"dKpMaCJygWrdB5TKJ",2,1.23768363463089,4.11708099170696,0.0683236802084428,2.35527070946657,0.0633225462283502,1.52092330294778,12.7876799632501,TRUE,NA,"2025-01-22 12:49:00",3
"DnRxFjmcg9Q45hrqJ",1,5,3.02997828377347,1.62195824305967,0.156680540851207,0.112473174316082,4.27792135054605,40.3174523154547,TRUE,NA,"2025-01-22 12:49:00",3
"DP5G3nnkvBYBp9piW",2,5,-5,0,0,0.0902010235699656,0.0455158304050202,88.4116650736842,TRUE,NA,"2025-01-22 12:49:00",3
"dS8fhk2ffh2AxcPK7",0,0,0,0.5,0.164892935711609,0.5,0.189559003959156,72.1945530553297,TRUE,NA,"2025-01-22 12:49:00",3
"dvG3gFW885sFMo5fm",1,2.74048140799979,5,0,0.0669507175528026,0,0.160128416901929,82.1148142957276,TRUE,NA,"2025-01-22 12:49:00",3
"dWKqjzJQddLdGTCjg",2,1.02576243880569,5,0,0.210177031419006,0.124792333856504,0.0454373280422323,75.0214449623407,TRUE,NA,"2025-01-22 12:49:00",3
"dxHfjoTs2oJTk77Mt",2,2.93503415811921,5,0,0.0134009272236213,0.77140072940851,0.0712035250683496,84.5581139894938,TRUE,NA,"2025-01-22 12:49:00",3
"e2HLhZS6gLCXmvMMW",2,5,-4.75486695879661,0.0880461019501555,0.104428965190375,0.0368773857431042,0.115153354205915,78.2686653082274,TRUE,NA,"2025-01-22 12:49:00",3
"e8B4926naEsCfjs38",1,0.740706860004866,-0.742402524957392,0.488799428688461,0.149284239319654,0,0.071214167764163,79.3232133384554,TRUE,NA,"2025-01-22 12:49:00",3
"E8tbZMXRJqzfWgsZ8",3,-0.565850088417086,0.566403041220772,0.0705305046975531,0.0446818974675352,0,0,87.6648737934686,TRUE,NA,"2025-01-22 12:49:00",3
"E9LzmpdHM6iSvi34h",2,1.73222978844251,5,0.00792990737767417,0.123523097547634,0.0427573964998839,0.0769282159105861,79.2455222112366,TRUE,NA,"2025-01-22 12:49:00",3
"Ea7HtzzgbTJQYT5Fj",2,0.0869922351372159,5,0.0132722496085077,0.100973322119178,0.0597423517745663,1.71539551930308,44.4028251417041,TRUE,NA,"2025-01-22 12:49:00",3
"eJa4tvNxhZPMHStH6",0,0,0,0.5,0.126593842095516,0.5,0.105044330745565,75.7587970020824,TRUE,NA,"2025-01-22 12:49:00",3
"ejSnuLvqgFkRBorH5",2,-0.324102351658143,1.01440492218294,0.0177165284012529,0.132497493627863,0,0.100319984974805,76.9143361579032,TRUE,NA,"2025-01-22 12:49:00",3
"f2FdHBZDr8q5bibLi",3,0.319055455198033,0.03067680243021,5,0,2.18095931655698,0.0219479817714624,88.8793443217978,TRUE,NA,"2025-01-22 12:49:00",3
"F5Zg4XCNFq6n2cbMK",0,0,0,0.5,0,0.5,0,89.5879734614027,TRUE,NA,"2025-01-22 12:49:00",3
"fayFWbzNk3iNFoczM",3,-0.655362440346437,0.636649873055836,0.0770418807922387,0.229278262382456,0.0946059976630987,0.0908571339905616,70.3083041477179,TRUE,NA,"2025-01-22 12:49:00",3
"feAs2YDsezGm7Y4tB",2,1.31417768368095,-0.920361438143569,0.0622401540324879,1.96095749286914,0.0616829445319357,1.63928171354809,9.42527245667639,TRUE,NA,"2025-01-22 12:49:00",3
"fKAj3eX6QZyZhZaQX",2,0.251456385843931,-0.237875714397822,0.0377126542171848,0.0482152438727969,0.0104812453253312,0.107255583955178,82.8364133833818,TRUE,NA,"2025-01-22 12:49:00",3
"FW8pE9hEfsqWL6XYY",1,-5,5,0.0925795771510348,0.20661485251284,0,0.56737879485167,57.2348505243186,TRUE,NA,"2025-01-22 12:49:00",3
"fzK7Pj4iAgfbRSwx8",2,-0.485962636819583,0.48817148178426,0,0,0.0230356941995455,0.0323363967354661,88.5880493200334,TRUE,NA,"2025-01-22 12:49:00",3
"G4WM9iR3ErZ7APDvS",2,0.517063168533395,-0.359481854271854,0.0165425233192758,0.0412760846966646,0.0158408055611154,0.0684129569909249,85.5186092511437,TRUE,NA,"2025-01-22 12:49:00",3
"gBos5wbJNi362wqKs",2,-0.066985557810411,0.0424962747589325,0.00911494998635743,0.219637095888302,0.0344557062208228,0.50242892634311,50.5542622418071,TRUE,NA,"2025-01-22 12:49:00",3
"GCi8ZTfP7pjNh3ygF",2,-0.186281462080492,0.263689138963574,0.0112130562742654,0.117588589197071,0.0327847180168448,0.287080285704351,63.2979465433482,TRUE,NA,"2025-01-22 12:49:00",3
"gDDqZ4APaFDnAPkBM",0,0,0,0.5,0.157508437965953,0.5,0.0846199988947487,76.162178561311,TRUE,NA,"2025-01-22 12:49:00",3
"GEwKu8fxgYxA2CE7x",1,-0.748459837534225,0.918300307703738,5,0.0558310919096149,0,0.181239354722831,82.7427207156092,TRUE,NA,"2025-01-22 12:49:00",3
"ggHn6ddbqYBsqqpj7",1,1.80701174596494,-5,0,0.052179988671832,0.0791658145117445,0.241496766342587,79.7982311301534,TRUE,NA,"2025-01-22 12:49:00",3
"gpreusFXTLjCquosK",2,0.26979366090832,-0.28053128551545,0,0,0.0255804594506615,0.61415162080334,56.2728419795487,TRUE,NA,"2025-01-22 12:49:00",3
"GwdKonwx45xH4bGJo",2,-0.46738612262435,0.523826768961336,0.0728808481642294,0.0779063100290331,0.0930686638556149,0.057636363066969,83.5804135979324,TRUE,NA,"2025-01-22 12:49:00",3
"h633xXHHiPR8zvQez",1,-2.09382050732133,2.24535668645286,0.28273397324204,0.0151981202817106,5,0.0643307480984267,86.873792320208,TRUE,NA,"2025-01-22 12:49:00",3
"hFnRGnnbkqJCyPjhF",2,-0.0729246678925316,0.166796017673124,0.0344501528585986,0.0665764596087388,0.00885620984464416,0.136432243055459,77.8633222203467,TRUE,NA,"2025-01-22 12:49:00",3
"hfnZYnFrK2htSh7Fq",0,0,0,0.5,0.0397765898387534,0.5,0.0365517570273764,86.8197922250213,TRUE,NA,"2025-01-22 12:49:00",3
"hh4qJjYdwZYPEHeH8",1,-0.0181417340968896,5,0,0.33073455616018,3.9787197407762,0.011708266076178,78.2687837347685,TRUE,NA,"2025-01-22 12:49:00",3
"hibiX8TGatbBx887A",2,0.00651120267701614,0.190450325863693,0,0,4.99990494315425,0.00691476192734194,89.5239199484923,TRUE,NA,"2025-01-22 12:49:00",3
"i37oYBN2MWCukq7eP",2,-0.203054782424814,-4.00557628178925,0.0513016151783554,0.339099878161623,0,0.0389059830545395,68.0349069346463,TRUE,NA,"2025-01-22 12:49:00",3
"i9c86bTZtwmiy2QrN",3,-1.61483029405006,1.89022416727614,0.123179172980484,0.0446067306475416,5,0,87.6770527689488,TRUE,NA,"2025-01-22 12:49:00",3
"ig8TppDhAgvNhrq3a",3,4.96717396595084,-5,0.0709197710222719,0.0533316920381313,0.681147056373332,0.0883773754564005,81.975668144177,TRUE,NA,"2025-01-22 12:49:00",3
"iJQmXH2QMqKPp6wyu",1,-1.27078919665341,1.2884388792907,0.0383664123848392,0.289678838130456,0,0.221791956610843,69.131465280237,TRUE,NA,"2025-01-22 12:49:00",3
"inGrj4rs6YNvqvAPb",2,-0.986974389257127,0.990424851776828,0,0.0653991470312222,0.047279575689724,0.0955914684299006,82.5962400723186,TRUE,NA,"2025-01-22 12:49:00",3
"ipDaioMcYw6HwWoxW",3,0.643613583353931,-5,5,0,0,0.103652794353368,82.1626977618241,TRUE,NA,"2025-01-22 12:49:00",3
"iqQMMWSpQpuKtpqzp",0,0,0,0.5,0.257267864743985,0.5,0.204102585360604,72.4693509530152,TRUE,NA,"2025-01-22 12:49:00",3
"iTsSFZydAxMNk4H5X",1,5,-5,0.561273467699885,0.109396979728244,5,0.134313814160169,76.5406397200768,TRUE,NA,"2025-01-22 12:49:00",3
"ixhJYtMzcxshRLyCH",2,-0.986407377089434,2.10108730923977,0,0,0.0336078845725019,0.0808639493500966,86.02836628552,TRUE,NA,"2025-01-22 12:49:00",3
"iYTgW5T333CWcsfmh",2,-0.355238202779192,0.35131311859374,0,0,0.0444448242215922,0.46174964625588,66.0314509512233,TRUE,NA,"2025-01-22 12:49:00",3
"iZfaFMuMSyvAddwBS",0,0,0,0.5,0.197671454143863,0.5,0.226722808298768,71.6213163000095,TRUE,NA,"2025-01-22 12:49:00",3
"jbpaPgCaMgYkRWEao",0,0,0,0.5,0,0.5,0,89.5879734614027,TRUE,NA,"2025-01-22 12:49:00",3
"jtCkRhCfghMB4pSKc",0,0,0,0.5,0.615193896593861,0.5,0.70557407250456,43.3001574502286,TRUE,NA,"2025-01-22 12:49:00",3
"jtSCTzq2BSCnhLpJm",2,-1.67767416040156,3.2561227153728,0,0.164212102453232,0.0389456526625087,0.0315813303586403,82.2881127650069,TRUE,NA,"2025-01-22 12:49:00",3
"k75ryzJLnpnjcyWMZ",2,-0.0326390712025413,0.121149710463908,0,0.210111715544153,0.00756274872376276,0.293468199757756,60.5003327620917,TRUE,NA,"2025-01-22 12:49:00",3
"kk82Zwq8qB3EPZDqz",3,1.6528207453722,-2.31217074766808,0.0711327834838488,0.296909987238264,0,0.140885025587144,59.0117398723105,TRUE,NA,"2025-01-22 12:49:00",3
"KQ3vR5FMgLmQFvHYY",2,1.25319403334571,5,0,0.152117870664529,0.0118399315002242,0.141432125958471,73.539802227849,TRUE,NA,"2025-01-22 12:49:00",3
"KRjcZ7HM83rHBHa2z",0,0,0,0.5,0.0243025045302711,0.5,0.280630365458073,79.792296521731,TRUE,NA,"2025-01-22 12:49:00",3
"KrMKd9t6wHWcie5KY",2,0.00490698427649173,-0.0121427435155719,0.0256001538918258,0.105106968245872,0.0114892205615339,0.0810115446066527,79.4391108874758,TRUE,NA,"2025-01-22 12:49:00",3
"kS3ZuehqRYQaatj7X",0,0,0,0.5,0,0.5,0,89.5879734614027,TRUE,NA,"2025-01-22 12:49:00",3
"KsdrRF8ja8FFhws5f",1,-0.53470298735224,2.647488530259,0.109926989644576,0.519640329203065,0.0190049590545403,0.190906757306579,53.6578005786655,TRUE,NA,"2025-01-22 12:49:00",3
"KyRPNfTRmBvPMrHqq",2,-0.0785757105469341,0.0663544972411983,0.0179617870473962,0.949492880024896,0.201911429486659,1.61401205117188,22.8335365543156,TRUE,NA,"2025-01-22 12:49:00",3
"LEGhKb3RP6EcgEKvX",0,0,0,0.5,0.0363351079850665,0.5,0.24666104328873,76.4716446040918,TRUE,NA,"2025-01-22 12:49:00",3
"LpjrYMB38ej53iybS",3,-0.247784033280811,0.751403960516138,2.6015559492069,0.427077407025504,1.21637313015538,0.0522030201852502,66.1898888699168,TRUE,NA,"2025-01-22 12:49:00",3
"LrdehovdoeNoYXHvL",2,-1.77188582457419,-1.1158006651743,0.0496928296287525,0.222399010319873,0.0643181641607475,0.227773784338237,60.6107184175517,TRUE,NA,"2025-01-22 12:49:00",3
"m7jzbNcshmJ7ZZEwp",2,5,-5,0,0,0.140753801520499,0.0911694706122213,84.940830992737,TRUE,NA,"2025-01-22 12:49:00",3
"M85ajvswFgHgYCgpD",1,5,4.66777338676958,0.1001039545743,0.371840745480836,0,0.132000964052058,71.3290657663954,TRUE,NA,"2025-01-22 12:49:00",3
"MBh52GAaDc7XcK7fu",2,-0.0882593016985144,0.0761872109808416,0.0471357707692869,0.200498927391235,0.00809044483141854,0.577208407721224,46.1542448678446,TRUE,NA,"2025-01-22 12:49:00",3
"MDfLeY4zbfLsLWT97",2,-0.152225905235478,5,0,0.217400182835994,0,5,27.9222126151404,TRUE,NA,"2025-01-22 12:49:00",3
"mFsazycX7sAsp9h25",2,0.500901624177055,-0.501463258985333,0.0604288697655434,0.244593527584027,0.0381861756244866,0.577331903178656,43.9840868550744,TRUE,NA,"2025-01-22 12:49:00",3
"MozhHaQ4szyqQu5eq",3,-5,-2.25918081846462,0.0832255545131699,0.112485549033802,2.16619778227188,0,82.919166997698,TRUE,NA,"2025-01-22 12:49:00",3
"msdLxvzuFuBEfwHNP",2,0.139562012353252,0.0272761543955306,0.0118190084823669,0.0374517195148484,0.00809842115743686,0.0462903660709053,86.8380124994065,TRUE,NA,"2025-01-22 12:49:00",3
"mtSNnmY4epZtXbxjF",0,0,0,0.5,0.0155481972538448,0.5,0.306601841188945,74.4193231111751,TRUE,NA,"2025-01-22 12:49:00",3
"MXMDFz7DphghwASKG",2,5,-4.91428920887348,0,0.144160474889895,0,0,83.0960453342105,TRUE,NA,"2025-01-22 12:49:00",3
"N2RXRFHQ2rhtDakGM",2,-0.0226668808424522,-0.00247527310398537,0.00756005771542944,0.288834458640791,0.0331115665252972,0.125201556468421,59.8940519904256,TRUE,NA,"2025-01-22 12:49:00",3
"n3MHhgEbesYtmt2kn",2,-0.330279539531709,0.321109284660184,0.00726656720336489,0.139134875412571,0,0.145473256804512,72.0402653633841,TRUE,NA,"2025-01-22 12:49:00",3
"n3NfFKtoPnhZpasBC",2,-0.21846163120979,0.216965846554417,0.061979941703583,0.829270522921045,0.0396106382793673,0.506778640461823,28.4624531625915,TRUE,NA,"2025-01-22 12:49:00",3
"N5ZHcAxKkpfLMLkK2",0,0,0,0.5,0.0459951085202361,0.5,0,88.7997501156483,TRUE,NA,"2025-01-22 12:49:00",3
"n9aaRzPoqbYJ6PBxf",3,-1.88113960743463,2.37966307988357,0.0960597250664098,0.0706583718285254,5,0,85.8031953354349,TRUE,NA,"2025-01-22 12:49:00",3
"nCh2LGBiZh9Zbacqh",2,4.99702368876542,-5,0,0.0510737273027455,0,0.0183281724387081,87.7223034540659,TRUE,NA,"2025-01-22 12:49:00",3
"NdwuaTz3c455EDcMR",1,-1.0602297736579,5,0.868971562713602,0.0893207320553533,0.656599983502266,0.103435867580333,80.4901047764102,TRUE,NA,"2025-01-22 12:49:00",3
"NFBuuZTCH8LQ2kWCB",0,0,0,0.5,0.24189891517148,0.5,0.113328748408954,78.1624134370477,TRUE,NA,"2025-01-22 12:49:00",3
"nhHityYuFwTypnDnG",2,-5,5,0,0.148884815937043,0,0.109177947553453,77.4085662719852,TRUE,NA,"2025-01-22 12:49:00",3
"nofYosxEPLN62DENK",0,0,0,0.5,0.231691337480988,0.5,0.118970813984703,79.9886624651676,TRUE,NA,"2025-01-22 12:49:00",3
"NtML36DS3EbbMyQme",3,0.110165966413621,-0.112391417115963,0.0670623658112189,0.0969160556860845,0,0.0109118279030984,83.4323600956604,TRUE,NA,"2025-01-22 12:49:00",3
"nzAZFfjoyKnjRsrFS",1,-0.707336335905354,5,0.359204730895942,0.086891907729748,0.180424713231237,0.0507428368369003,84.9499008189356,TRUE,NA,"2025-01-22 12:49:00",3
"otzGMAMYTaNM4DdPn",0,0,0,0.5,0.910418316799007,0.5,0.644989238565622,36.7911294860553,TRUE,NA,"2025-01-22 12:49:00",3
"p9Pc7iimdmsm2sGzM",1,-3.07992224610806,5,0,0.539457025813933,2.37653351971908,0.424003411099026,45.1353540161133,TRUE,NA,"2025-01-22 12:49:00",3
"Q33ZkhGogK54Yiad6",0,0,0,0.5,0.705226381617903,0.5,0.414580656221033,48.0901686426552,TRUE,NA,"2025-01-22 12:49:00",3
"Q9yqtaGi2EPt3hwfa",2,-1.94513213446301,-0.0800292509702605,0.308128418780791,0.0978434325410003,0.043934074652228,0.197032086671178,71.9589231040302,TRUE,NA,"2025-01-22 12:49:00",3
"qc9nsRDra6Y5AbpGC",3,0.276343569983913,0.943078361011714,0,0,0.0726928958410029,0.0654354154971464,85.8195872243948,TRUE,NA,"2025-01-22 12:49:00",3
"QEkygPKFDHX8dTovL",0,0,0,0.5,0.514070992466094,0.5,1.17491343892279,30.9659945086514,TRUE,NA,"2025-01-22 12:49:00",3
"QiAFXTGpSRyku26si",3,1.20010109109573,5,0.0489693109619061,0.0352649205162616,0.38233000507231,0,88.215577209591,TRUE,NA,"2025-01-22 12:49:00",3
"QphCK7XfX4oCrjvww",1,5,2.14348654145955,0,0.409752424580415,0.0254165539751327,0.523951186719124,53.815052693444,TRUE,NA,"2025-01-22 12:49:00",3
"QT7mxdnWgS9W97t2H",2,0.213629494068532,-0.220898306766946,0.00672512835178688,0.310854747014788,0.0376471361857212,0.530171794142381,43.5895918050671,TRUE,NA,"2025-01-22 12:49:00",3
"QwxrtX6nKnEXWhPim",1,4.99997121450421,1.25463309227575,0,0.247197879004751,1.01107923386904,0.278561329175833,61.0079564675001,TRUE,NA,"2025-01-22 12:49:00",3
"r8A8dnypXvzzDjC9A",0,0,0,0.5,0,0.5,0,89.5879734614027,TRUE,NA,"2025-01-22 12:49:00",3
"RAnPiw2wuw8cPAnZM",2,0.0477155026993857,-0.810324672297339,0,0.0665468639821403,0.0115865464242298,0.11490336045442,81.251546430883,TRUE,NA,"2025-01-22 12:49:00",3
"rCALFNNX4fFAWXKF4",2,0.28938410508518,-0.276047947643924,0.0123442330190825,0.123587926990964,0.00563912005729124,0.0791781041288453,77.7746570337104,TRUE,NA,"2025-01-22 12:49:00",3
"RFCGABXPtqyCd98Tm",2,0.492894038583349,-0.244796369066298,0.0407425027257627,0.0103316479633722,0,0,89.4872879671968,TRUE,NA,"2025-01-22 12:49:00",3
"RnGhGAoxgGGCzXdNR",1,4.99093496754133,2.97920635405596,0,0.0419680606169296,0,0.152188990309943,83.0638333433252,TRUE,NA,"2025-01-22 12:49:00",3
"rRaFaEeBvfwz5YYyz",0,0,0,0.5,0,0.5,0,89.5879734614027,TRUE,NA,"2025-01-22 12:49:00",3
"Scejxx5jwQ4pGjsdH",2,-5,5,0,0.0803768424618224,0.0529594272764374,0.0848997347611273,82.4278329990671,TRUE,NA,"2025-01-22 12:49:00",3
"Suf75kfKvqyAqe5a5",3,0.307065810948717,-0.278857846550403,0.0858487775768861,0.0662281970586101,0.0984325079730947,0.0550339018597957,83.3447978182931,TRUE,NA,"2025-01-22 12:49:00",3
"svtP9WMjEcd9CBpsP",0,0,0,0.5,0.0341665529321254,0.5,5,77.6070976372772,TRUE,NA,"2025-01-22 12:49:00",3
"sxpHgkezZ7Az2shHq",2,3.31174060870223,0.252206247245092,0.310633063432103,0.277660545043675,0.0357049139060057,0.0545116596930192,71.5136764898002,TRUE,NA,"2025-01-22 12:49:00",3
"t3QxQ6jXii72iYCJs",2,0.770584039697277,-0.72471129568234,0,0,0.0069178040018788,0.124994867948007,82.6891646986122,TRUE,NA,"2025-01-22 12:49:00",3
"tchBBCWaoktNqcDJQ",0,0,0,0.5,0.0620981037183156,0.5,0.305599581218207,71.3100932086874,TRUE,NA,"2025-01-22 12:49:00",3
"tH64wBxa8PTJXp898",0,0,0,0.5,0.0827376836462779,0.5,0.365672972049137,72.5689242191444,TRUE,NA,"2025-01-22 12:49:00",3
"tHGcfndE9oTaQrbZo",0,0,0,0.5,0.83240302243183,0.5,5,17.1321440369028,TRUE,NA,"2025-01-22 12:49:00",3
"TncHr8XzgrSsm9bhr",2,0.0797724472904802,-0.108422347440855,0.0119807897715768,0.114283376541177,0,0.157850717041454,72.6575073589165,TRUE,NA,"2025-01-22 12:49:00",3
"Tomg5iun2wXdEtrGb",2,0.147956977098441,0.0299548333928459,0.0073672966011688,0.106959740702966,0.0136483046793809,0.100445258178481,77.9744281401482,TRUE,NA,"2025-01-22 12:49:00",3
"TPPSGrBR4EcTzdYCc",2,-1.05089246415848,2.37588343150534,0.0315176100073214,0.100518057276151,0.023023669701366,0.0567685767479788,82.5495139805077,TRUE,NA,"2025-01-22 12:49:00",3
"ttDSiPLpEcCMkfJCN",0,0,0,0.5,0,0.5,0,89.5879734614027,TRUE,NA,"2025-01-22 12:49:00",3
"u4HsniGxweJKnaE3J",0,0,0,0.5,0.133530754541811,0.5,0.124775306231406,74.4946630880889,TRUE,NA,"2025-01-22 12:49:00",3
"uf3savX4JPbojL3W4",2,0.308376951038529,-0.0754856640675593,0.0599159653897662,0.0837857755614695,0.0281027842824452,0.195135385321007,73.3851084349027,TRUE,NA,"2025-01-22 12:49:00",3
"uo7uXGZ3yDjDijhvn",2,0.779885470235587,5,0.0258328330883038,0.0583902519619811,0.0252518369742845,0.0800097361683475,83.781249266298,TRUE,NA,"2025-01-22 12:49:00",3
"up72PaREeYvSt8NGC",2,-0.194350925775929,0.185001514874355,0.0075967625999934,0.287973680438984,0.197530116212947,0.170962000559598,63.0529286310308,TRUE,NA,"2025-01-22 12:49:00",3
"uySJDtSAH7NTwzChc",0,0,0,0.5,0.18194391756407,0.5,0.444603390976256,61.5768705017842,TRUE,NA,"2025-01-22 12:49:00",3
"v3C8m3hrGBFw7C6yR",1,-5,5,4.99996677381096,0.145734478645006,0.181558427639519,5,38.7301477861704,TRUE,NA,"2025-01-22 12:49:00",3
"v3nJGaFTLZeP9a8Wf",2,0.153718069854938,0.226445102005536,0.0152971998876795,0.119075361248606,0.00709504219600844,0.082759000485551,79.6072896570546,TRUE,NA,"2025-01-22 12:49:00",3
"vqYFpsi2erDcHcAvs",1,4.46974247111819,-5,1.53639353977299,0.255779360398339,0,0.295602545862942,66.726284646,TRUE,NA,"2025-01-22 12:49:00",3
"vXitrhFTWWXoGhLQS",3,0.186357380534717,0.183711019109875,0.0535444399925477,0.394838912954829,0,0.128438995311212,60.8781445648428,TRUE,NA,"2025-01-22 12:49:00",3
"WcpFWD3sn2dnt7ruN",2,-0.088921620676536,0.245376797820002,0.0066591696344671,0.0244993518352005,0.0864146594611085,0.0318345089143331,88.2097868831523,TRUE,NA,"2025-01-22 12:49:00",3
"wG6QjNWp5mYqNWuBF",0,0,0,0.5,0,0.5,0,89.5879734614027,TRUE,NA,"2025-01-22 12:49:00",3
"wkP56uZ6uxtoZWvEx",3,-0.87940188054096,4.48838852178674,0.0769847798523015,0.130012777631042,0.470438344775007,0,81.1647022610088,TRUE,NA,"2025-01-22 12:49:00",3
"WPFaEtA7nyZHg4Y47",2,-0.155295375663725,0.157904182536984,0.0100582602740389,0.0713384304053062,0,0.204313337423645,77.1185859237587,TRUE,NA,"2025-01-22 12:49:00",3
"WqjyipyHYQTFDgpma",1,-2.75124789275525,5,0.365313364214301,0.0938473621027444,0,0.0638887193146182,83.2781676913385,TRUE,NA,"2025-01-22 12:49:00",3
"wrfmh8v8Ndz7y92Zi",2,0.345282358077333,-0.312716734902114,0.0492642983515431,0.0848047798337543,0,0.27306748795077,69.0744283020098,TRUE,NA,"2025-01-22 12:49:00",3
"wRYnMSayjZKRGqRqt",0,0,0,0.5,0,0.5,0,89.5879734614027,TRUE,NA,"2025-01-22 12:49:00",3
"wsZzoe3S4epTeQauL",2,0.0905904754942346,0.63284257235163,0.0119239511227772,0.16228247663361,0.0122204338335244,0.087889324760157,72.7958221583452,TRUE,NA,"2025-01-22 12:49:00",3
"XegK3ZL8buDE4txYG",2,-0.153304895806977,0.219450324896898,0.0124962346834668,0.0156834061361566,0.00462870268733621,0.0847914222269426,85.1754291632134,TRUE,NA,"2025-01-22 12:49:00",3
"XH98XuvMaGixN3eSp",2,4.69763282463962,5,0.0760363022908408,0.385020947055804,0.213256689272399,0.413532063278304,46.9127273459434,TRUE,NA,"2025-01-22 12:49:00",3
"XQeKZ56cpS9nyygnL",2,2.06947113509078,1.0107622628209,0.0137098818382761,0.0180517221344518,0.0273508094857406,0.0370584987374508,88.2133724043895,TRUE,NA,"2025-01-22 12:49:00",3
"Xs8SR4fz3z2r8oZMn",0,0,0,0.5,0,0.5,0,89.5879734614027,TRUE,NA,"2025-01-22 12:49:00",3
"xwzqYG2ZvEjx6mhJ5",0,0,0,0.5,0,0.5,0,89.5879734614027,TRUE,NA,"2025-01-22 12:49:00",3
"yCHzWTjvx5F5HfJwd",2,0.0560079306479819,-0.0527930222791213,0.039905330934075,0.0348462417179552,0.00218321703217113,0.118608669093411,81.7225523108925,TRUE,NA,"2025-01-22 12:49:00",3
"YcSSS9cB9GAyueBcA",3,0.823972588874592,1.46296247308973,0.119446137740456,0.3195911194976,0.142656891083994,0.396211491688418,56.8927581977901,TRUE,NA,"2025-01-22 12:49:00",3
"yerbgPdoxYmef2g9C",2,0.755342283275753,1.94280548331121,0.0222469260340632,0.0499876273817577,0.043498267009225,0.124357350514068,81.0891635581892,TRUE,NA,"2025-01-22 12:49:00",3
"YhxDftyhYzoMQY8bk",2,-5,5,0,0.0759445285212346,0.0126239518588984,0.0471748037877162,86.0364073673221,TRUE,NA,"2025-01-22 12:49:00",3
"YNKzunS5xPmBze6ea",3,0.190201080724059,-0.174043199497827,0.0747233941831098,0.0330171111838679,0,0.0177420399049218,88.0654215028924,TRUE,NA,"2025-01-22 12:49:00",3
"Ypev43WHEFDqHzLbZ",0,0,0,0.5,0,0.5,0,89.5879734614027,TRUE,NA,"2025-01-22 12:49:00",3
"YWYrb3pQagdr9GHZy",2,0.66637447245118,5,0,0.135226205275884,0.0211809454850882,0.108164011734001,74.6623848205115,TRUE,NA,"2025-01-22 12:49:00",3
"ZbKdYEBcyQRYYRZRd",2,-1.71595806153812,0.728672089582859,0.049681733204344,0.126387656792862,0.0470084528306597,0.139079747726202,71.582617558442,TRUE,NA,"2025-01-22 12:49:00",3
"zgoFBo6m4D8jZDPFE",1,2.97027693377645,-5,0,0.169659785595082,0,0.112528847030719,79.9108937007503,TRUE,NA,"2025-01-22 12:49:00",3
"Zy9TbjSysyttPJkfj",3,5,1.09196073564015,5,0.00648337822519028,0.090878050025651,0.175431507633347,78.1516200217375,TRUE,NA,"2025-01-22 12:49:00",3
