"participant","envy","guilt","temp","sensitivity","alpha_MF","alpha_MB","w","nll","aic","bic","best_k","approach"
"27i4qdReBcXw8YuEi",2.07034088598745,0.529313927966547,0.1,0.545667161738636,0.322428840904233,0.791025730950651,0.572286902393878,6.03848562938574,28.0769712587715,43.3731553021966,2,"hierarchical"
"2ghfK9aHNeDGySQ3u",1.06168180717595,0.278191571601945,2.43705543183711,0.53371177692223,0.256073177238668,0.919357597395103,0.642767292537643,7.15190744292737,30.3038148858547,45.1049956995352,2,"hierarchical"
"2j73t2yQ64ngLzJyz",0.01,0.249657324683222,3.66487298188201,0.700382524051149,0.244804147140915,0.99,0.666084760954849,9.50503278767947,35.0100655753589,50.3062496187841,3,"hierarchical"
"3AgtjHpxyrgstBNMZ",1.78840780528049,0.313310281003737,3.17283980470371,0.516501258877814,0.328480694325404,0.421236343457215,0.564178469905488,1.19532858561196,18.3906571712239,33.6868412146491,3,"hierarchical"
"3dbsqfSprGiQhZaLf",1.9470745462376,0.272274406663431,3.15238831928571,0.621779225913931,0.356963956813784,0.501207484174199,0.572555910058932,2.01876079019899,20.037521580398,34.8387023940784,2,"hierarchical"
"3MJxZfkZpopGgv6Xd",1.9215734028616,0.401333519129657,4.47146632020651,0.555729819395446,0.187632017848148,0.99,0.630737433491721,6.73210336408805,29.4642067281761,44.5987691130611,3,"hierarchical"
"3W6oYvY9BWQChF64y",0.112078848435634,0.291879863147613,3.67984145644261,0.607867907479747,0.258834643685363,0.958052380876423,0.634667036186886,8.38619156300885,32.7723831260177,48.0685671694429,3,"hierarchical"
"4pmMPmcSFQvdQzcsy",1.88296534557252,0.224448044394621,3.99310700085043,0.662234846740273,0.115144858929935,0.99,0.65599867372126,7.72858577594629,31.4571715518926,46.5917339367776,2,"hierarchical"
"4RkttSpAP5oejHxwQ",1.35913004111495,0.255096375832265,3.38705942782608,0.51866004487764,0.270194405590516,0.943896658925826,0.624282853841258,6.55074388858292,29.1014877771658,44.071095864429,3,"hierarchical"
"53Gh5MSB7kKWYXdcA",1.69458043305433,0.404959152136964,3.46234601197798,0.561148970280974,0.272821318211225,0.954705739967425,0.671555030785097,6.66226614992173,29.3245322998435,44.4590946847285,2,"hierarchical"
"5fZ9mbFkp2dCyZLvL",1.24693568722988,0.297457075773658,3.72098225405327,0.584573642025633,0.273677285992965,0.99,0.609373123584923,7.26012228363469,30.5202445672694,45.6548069521544,3,"hierarchical"
"5LACqtjfXnavP6M8A",1.99248631251809,0.365182432708064,3.82289178942445,0.54850115986253,0.296054981146917,0.957098257998032,0.588188096189103,6.04058135775489,28.0811627155098,42.1707636410583,3,"hierarchical"
"6G7Mori9G4LFJsArQ",2.00000174719691,0.384978012377915,4.49212684591896,0.525340080293578,0.240485257800253,0.975862476617347,0.591733452330626,6.13622460017574,28.2724492003515,43.2420572876146,3,"hierarchical"
"6j4uzW8HNrFcpQSNA",1.9601102409787,0.30365109085856,3.61131298726243,0.542351369216266,0.279870093189658,0.985442209070931,0.606564371890908,6.75716387804729,29.5143277560946,44.4839358433577,2,"hierarchical"
"6Ru8t52bsqgyANH78",1.67080872340142,0.328621402733436,3.97072081784612,0.552538784241197,0.282219828135454,0.940492944815064,0.597852490798929,6.03814707921946,28.0762941584389,42.349811229785,3,"hierarchical"
"83SwbhmvKbnkpGeok",1.98904648629051,0.355496997641425,3.90372340470119,0.496316392171056,0.300635844285503,0.902786227685739,0.588366945061706,5.42526217649415,26.8505243529883,41.8201324402514,3,"hierarchical"
"85QnxjnxoDBHR56h9",1.99999736979145,0.356931813434248,1.99818973831099,0.546085177256109,0.305960854829236,0.710311559172963,0.625071868379704,4.11376131840483,24.2275226368097,38.8566538087224,2,"hierarchical"
"8R3xo4bmDcubEZPpt",1.94895598723755,0.402644800546356,3.39731017379459,0.640072870048131,0.256007052065538,0.955360315258547,0.651714124875415,6.67480647169838,29.3496129433968,44.6457969868219,2,"hierarchical"
"9NZPdsRHMfTffJ86Z",1.35504150938252,0.37753302770096,3.21518360030927,0.607898775381162,0.186985096561232,0.99,0.689938810686311,7.7999741762565,31.599948352513,46.8961323959382,2,"hierarchical"
"A7xu5DSWfjo8c3FBA",1.9872326222849,0.284360629315456,3.67960179196293,0.631174025580564,0.286892469041571,0.952588900767521,0.607931581718355,6.39530021856667,28.7906004371333,43.9251628220184,3,"hierarchical"
"a9hGmsRsdt7ZJAeQk",1.22549618435444,0.426762857919856,3.64318025075304,0.57697524021975,0.12499663292227,0.99,0.675585206991046,8.05155255439504,32.1031051087901,47.3992891522152,2,"hierarchical"
"Abfu89CDogfCDRrdD",1.4764266685604,0.315883506680733,3.33024052978847,0.520717834932217,0.258657810205125,0.99,0.653997697839711,7.3573644851,30.7147289702,46.0109130136252,2,"hierarchical"
"AhfubTP2TdW5Wm9Tw",1.92659412130448,0.400670758197675,3.95765075262854,0.50433858190132,0.305733261911382,0.961273509158238,0.579949818002485,6.23158491834258,28.4631698366852,43.7593538801103,3,"hierarchical"
"AiXyxQy82SP82Mz9s",1.24890246807224,0.26836854581052,3.95608177120287,0.59086999958525,0.267221378244296,0.965794011721807,0.606511803369296,6.97761086473142,29.9552217294628,45.0897841143479,3,"hierarchical"
"akWAen38quSK7Kg4j",1.94196783708021,0.350841417548809,4.03721788231215,0.534329577241017,0.273165462143553,0.978399098239814,0.59110707310524,6.33293841491496,28.6658768298299,43.4670576435104,3,"hierarchical"
"At2dQJ4sv55MyXDs7",1.96849576574368,0.330776209080221,3.76827711832518,0.565826332176124,0.277483606537542,0.948465917924232,0.608734085538448,6.02797740924398,28.055954818488,42.6850859904007,3,"hierarchical"
"aYxN6zfrwbrLBL32W",1.98347174732493,0.335146387406755,3.99029097328888,0.74397290476706,0.23934622598537,0.99,0.628209830376208,7.16635818003193,30.3327163600639,45.4672787449489,3,"hierarchical"
"B93AwGvKW9caWEvmu",1.24326377738638,0.485273531295654,2.16507829245401,0.586431030678734,0.256320817866707,0.896009976747211,0.651750564007005,6.66766117687947,29.3353223537589,44.6315063971841,2,"hierarchical"
"BaisKwodTw2aofXty",1.92652585825821,0.353394473507463,3.88043768329984,0.547845601187315,0.247045128338265,0.975231269811248,0.591563274625567,6.5451327278497,29.0902654556994,43.8914462693799,3,"hierarchical"
"bFMXvE5mC7tDsHNxi",2.00000341259313,0.384331056712299,4.0015733584408,0.514796853758704,0.285500222200302,0.515663240789535,0.58540951898974,2.00327181047172,20.0065436209434,35.1411060058285,3,"hierarchical"
"BjirnYWmbJDoF5MZC",1.73150715028534,0.298153362448533,3.52480062689088,0.571742423910671,0.278176647994367,0.964071578164185,0.612704556886787,6.5740369186271,29.1480738372542,44.4442578806794,3,"hierarchical"
"bKhnRtYLu5DDWuY49",2.00207416631241,0.321825300324807,4.07140634590506,0.574770475652446,0.286205176316864,0.939515822663826,0.589842370627899,5.85870778247772,27.7174155649554,42.5185963786359,3,"hierarchical"
"bpNrvkZN8ogijjA5K",0.858654476044181,0.201674404568896,4.03985608695777,0.805033881942679,0.115567126469322,0.99,0.648374986483773,9.39763007986931,34.7952601597386,50.0914442031638,2,"hierarchical"
"bPrEvXrQaX2WdGYNX",2.00455979529951,0.335120512347251,4.05253530778377,0.492910690302539,0.282620640079148,0.938073652912505,0.612573648886873,5.83506199479694,27.6701239895939,42.2992551615067,3,"hierarchical"
"BxNfwbHaC9D97He8r",1.99999397410265,0.411696773667886,4.26857273801805,0.568058534279486,0.27974071915199,0.982533047658178,0.596190365026409,6.25700345447888,28.5140069089578,43.3151877226382,3,"hierarchical"
"chzK9whS4YsmcwD3y",1.9999890340796,0.420680903935566,3.44008675321346,0.350940208529625,0.294126168972061,0.941299107771678,0.6093901023468,6.40028609939435,28.8005721987887,43.7701802860518,3,"hierarchical"
"CnADLvFo8fkyBJZkC",0.0681757480089144,0.261991813119075,4.15201549762835,0.612393405719934,0.118925988869936,0.99,0.642567066311141,9.45298304435235,34.9059660887047,50.2021501321299,3,"hierarchical"
"cTg9Hn6YHgnCc95Pp",1.34612230437938,0.311580166210027,4.80475297293072,0.587125870936162,0.260502285657721,0.590368810083327,0.558655358819698,4.22460815644521,24.4492163128904,39.7454003563156,3,"hierarchical"
"D5gA3jaFXLPFZTGqd",2.00095926817984,0.32313100264851,3.25326280778272,0.520822245758502,0.297795116217107,0.947870802227401,0.609053189298719,6.29900763193314,28.5980152638663,43.5676233511294,2,"hierarchical"
"d7QvkA8PceMoQcnYF",1.77448296331252,0.221320847768467,3.95489020043923,0.633412557064268,0.219221517172864,0.987078067810137,0.62591546580078,7.17931420306261,30.3586284061252,45.6548124495504,2,"hierarchical"
"d8jhtd87Z3xEpYsby",1.99999543796177,0.321515868610034,3.61847077617206,0.499131988660872,0.259564037988601,0.948338668873256,0.636216308818234,6.32005010579274,28.6401002115855,43.441281025266,2,"hierarchical"
"Dbtfi7wLjginpt97g",0.565436022122184,0.306487425769809,3.3412642807747,0.563936627730885,0.199408867615886,0.99,0.684683818942717,8.66635374578877,33.3327074915775,48.4672698764625,2,"hierarchical"
"DjKevFkBso4yTMWR8",2.00000032057923,0.371168656167883,3.45989446271192,0.486431993109829,0.305116821154223,0.932161199238178,0.632466449755692,6.0660265067853,28.1320530135706,43.2666153984556,2,"hierarchical"
"dKpMaCJygWrdB5TKJ",1.99999035445035,0.34804600221991,3.75664420792539,0.510905426181599,0.320939808945197,0.402781163607522,0.556692697290264,0.721759733648889,17.4435194672978,32.7397035107229,3,"hierarchical"
"DnRxFjmcg9Q45hrqJ",1.55704763662718,0.457075392296227,3.54137803018314,0.524292486473163,0.312095011768646,0.952990664235781,0.625583674661769,6.57252159088577,29.1450431817715,44.1146512690347,2,"hierarchical"
"DP5G3nnkvBYBp9piW",2.29261731486689,0.314167573477188,3.67748432759224,0.783516240760151,0.267255978495985,0.99,0.639308233520861,7.59651364230219,31.1930272846044,46.4892113280295,3,"hierarchical"
"dS8fhk2ffh2AxcPK7",1.95940286158622,0.487200643013403,3.74540101618588,0.451878293172513,0.275562313194617,0.99,0.618674099013096,6.82699814142398,29.653996282848,44.4551770965284,3,"hierarchical"
"dvG3gFW885sFMo5fm",1.84392374466786,0.271324928777699,3.64723991857204,0.869647203321052,0.296122477376109,0.987444810188367,0.600346967306972,7.69396442559761,31.3879288511952,46.5224912360802,3,"hierarchical"
"dWKqjzJQddLdGTCjg",1.43738953194593,0.309671157263563,3.1519216255069,0.582491688824061,0.233972509960963,0.99,0.669442296519449,7.62610962746713,31.2522192549343,46.0534000686147,2,"hierarchical"
"dxHfjoTs2oJTk77Mt",0.235475971638146,0.272836779282153,3.924137304941,0.720017032645182,0.255782813897752,0.99,0.613346400534045,8.8764799647139,33.7529599294278,48.8875223143128,3,"hierarchical"
"e2HLhZS6gLCXmvMMW",1.451145676043,0.234585247173642,3.76859638858734,0.618107586054242,0.218855567720065,0.99,0.641408379627434,7.3519576489038,30.7039152978076,45.6735233850707,3,"hierarchical"
"e8B4926naEsCfjs38",2.02961840006605,0.344002087085944,4.11978281342038,0.756100172103485,0.17278230763048,0.99,0.653433235424277,7.50312926775707,31.0062585355141,46.1408209203992,3,"hierarchical"
"E8tbZMXRJqzfWgsZ8",1.35954968606982,0.403100332459313,3.30359900894743,0.539299003650409,0.220820683387335,0.99,0.683503584197352,7.61300945154026,31.2260189030805,46.027199716761,2,"hierarchical"
"E9LzmpdHM6iSvi34h",1.79363801715631,0.27998679151941,3.62442785639074,0.541018892909414,0.230139170592313,0.99,0.645698936896986,7.18763928984882,30.3752785796976,45.5098409645826,2,"hierarchical"
"Ea7HtzzgbTJQYT5Fj",1.93110667490928,0.359269624618445,3.91520182051955,0.589312440111996,0.300179138157375,0.9118549607363,0.597748948602542,5.74501302831788,27.4900260566358,42.7862101000609,3,"hierarchical"
"eJa4tvNxhZPMHStH6",1.97295903357758,0.333489555266096,3.68026706639258,0.623286372003189,0.294196597026197,0.967140070390509,0.59664804841551,6.43053325990731,28.8610665198146,43.8306746070777,3,"hierarchical"
"ejSnuLvqgFkRBorH5",1.98027211331724,0.301571154316033,3.42930225389271,0.538996901535202,0.29026635146499,0.953982939217898,0.6198980223904,6.39633569361028,28.7926713872206,43.593852200901,2,"hierarchical"
"f2FdHBZDr8q5bibLi",1.23432170922344,0.285791166017096,3.95164993055689,0.656311403920344,0.259947885902272,0.99,0.622116701187623,7.38735695886062,30.7747139177212,46.0708979611464,3,"hierarchical"
"F5Zg4XCNFq6n2cbMK",1.86405813984935,0.290215451261916,1.86666459561846,0.513701242084452,0.322811622072978,0.584003507069771,0.574646081177258,3.13973106341451,22.279462126829,37.414024511714,2,"hierarchical"
"fayFWbzNk3iNFoczM",1.93888200216853,0.307499754413839,2.90850950720901,0.503605804696632,0.298975136319592,0.933129140201405,0.606634503726074,6.34719485904549,28.694389718091,43.828952102976,2,"hierarchical"
"feAs2YDsezGm7Y4tB",2.00000222437365,0.344475177690272,3.76885868990222,0.513497836590694,0.318265283596002,0.412960413965264,0.559724117420145,0.707428436648012,17.414856873296,32.549419258181,3,"hierarchical"
"fKAj3eX6QZyZhZaQX",1.9977806904429,0.278803691838891,3.48660395695654,0.557565446340934,0.284350237917404,0.913426383583643,0.640200082055616,5.92676499841436,27.8535299968287,42.8231380840918,2,"hierarchical"
"FW8pE9hEfsqWL6XYY",2.00002062442185,0.369877528115962,4.30446267689114,0.541864781386813,0.285304976183432,0.974409286913324,0.582955827291887,6.09477317248686,28.1895463449737,42.9907271586542,3,"hierarchical"
"fzK7Pj4iAgfbRSwx8",1.76146506117431,0.315314828491719,4.20813452843034,0.612960030301661,0.050836175022349,0.99,0.609331634676506,7.53676410869688,31.0735282173938,46.3697122608189,3,"hierarchical"
"G4WM9iR3ErZ7APDvS",0.889860608661294,0.339012341235018,4.29316928198167,0.510757555222402,0.0370819986733232,0.99,0.591458217605373,8.49990768827876,32.9998153765575,48.2959994199827,2,"hierarchical"
"gBos5wbJNi362wqKs",1.99998919259869,0.342323805275088,3.07518956242988,0.588131223606918,0.343566200333612,0.795958380220742,0.619358473824028,4.98895034273676,25.9779006854735,41.2740847288987,2,"hierarchical"
"GCi8ZTfP7pjNh3ygF",1.99578352014372,0.397024661041741,3.29441661302006,0.567694830553318,0.28445173371289,0.944239510124534,0.642596494981487,6.31390528370574,28.6278105674115,43.9239946108367,2,"hierarchical"
"gDDqZ4APaFDnAPkBM",2.00834249603681,0.315313674699637,3.70396265569097,0.75796512563503,0.274034196277971,0.968332982124735,0.602037839459775,6.88518783192283,29.7703756638457,44.9049380487307,3,"hierarchical"
"GEwKu8fxgYxA2CE7x",0.174324441233363,0.316927979765356,4.25507242027968,0.588257716475608,0.236692769687139,0.99,0.623012789665793,8.57458310984754,33.1491662196951,48.2837286045801,3,"hierarchical"
"ggHn6ddbqYBsqqpj7",1.86501903627406,0.222920314706581,3.05877089171087,0.593214698768787,0.296267795596996,0.960923379061514,0.61119761170162,6.99175683599861,29.9835136719972,44.9531217592603,2,"hierarchical"
"gpreusFXTLjCquosK",2.00993125059101,0.336571923013327,3.93833016100008,0.509981933015127,0.299458032090675,0.904093974783104,0.588148265210665,5.36662175990086,26.7332435198017,41.8678059046867,3,"hierarchical"
"GwdKonwx45xH4bGJo",1.62563512654791,0.391735521556374,4.153468241424,0.582995048958393,0.258201432274025,0.99,0.675988735683988,7.26650224535954,30.5330044907191,45.8291885341443,2,"hierarchical"
"h633xXHHiPR8zvQez",1.30070130206882,0.259877386934945,3.60003700425525,0.615586708045056,0.24236691875033,0.984392062829137,0.62465035124294,7.31387484741669,30.6277496948334,45.7623120797184,3,"hierarchical"
"hFnRGnnbkqJCyPjhF",1.62857872074434,0.331870007667743,3.13667908569213,0.591576920999576,0.265757217213607,0.92225858180873,0.696642455232708,6.63208134951592,29.2641626990318,44.560346742457,2,"hierarchical"
"hfnZYnFrK2htSh7Fq",1.90932464548389,0.455273584066846,3.41086637000561,0.543724454705629,0.267881379651875,0.824409091055734,0.62680288460277,4.78166456010015,25.5633291202003,40.6978915050853,3,"hierarchical"
"hh4qJjYdwZYPEHeH8",1.32681524474734,0.358013459849283,3.70643278002088,0.696528867072704,0.160646440883894,0.99,0.698411774623477,8.24038640388931,32.4807728077786,47.4503808950417,2,"hierarchical"
"hibiX8TGatbBx887A",0.01,0.276700873942508,3.80944669274037,0.700308752292692,0.19115378163507,0.99,0.656698474846692,9.52305458630286,35.0461091726057,50.3422932160309,3,"hierarchical"
"i37oYBN2MWCukq7eP",2.00188245676868,0.399111856248652,4.27837970389083,0.503867791017271,0.29571341050099,0.978582156619089,0.562791980026432,6.09207197491116,28.1841439498223,43.4803279932475,3,"hierarchical"
"i9c86bTZtwmiy2QrN",1.73679784733147,0.260401867771094,3.74899871991323,0.559779330795789,0.275106431891908,0.99,0.61289216511955,7.04877173022811,30.0975434604562,44.8987242741367,2,"hierarchical"
"ig8TppDhAgvNhrq3a",1.82459608720405,0.241508248115138,3.52868239463712,0.664854473358058,0.181941086986636,0.99,0.661316805640029,7.62375725743464,31.2475145148693,46.2171226021324,2,"hierarchical"
"iJQmXH2QMqKPp6wyu",1.7595394409777,0.323285673886204,3.89848317654885,0.564064337436621,0.286495091261583,0.99,0.596918595962006,6.66793817574573,29.3358763514915,44.1370571651719,3,"hierarchical"
"inGrj4rs6YNvqvAPb",1.91796651838286,0.306909016884674,3.81420617364421,0.550986577267324,0.28219775124658,0.961130720446583,0.596202718518967,6.21495596845973,28.4299119369195,43.2310927505999,3,"hierarchical"
"ipDaioMcYw6HwWoxW",1.98636725347218,0.26379035063397,3.59095131400649,0.718511643116083,0.238319950543881,0.88419229052761,0.623675215268532,5.99141952222605,27.9828390444521,43.1174014293371,3,"hierarchical"
"iqQMMWSpQpuKtpqzp",1.99690810910497,0.355893056571836,3.98092646933155,0.54668664320055,0.277776208062013,0.970649176970857,0.595688257285547,6.18564447614947,28.3712889522989,42.8245888704615,3,"hierarchical"
"iTsSFZydAxMNk4H5X",1.93326432361436,0.414802442057358,3.89291211778119,0.654367012044058,0.172956898618183,0.959358490439192,0.661668672175461,6.84418346023465,29.6883669204693,44.8229293053543,3,"hierarchical"
"ixhJYtMzcxshRLyCH",1.90002621191295,0.299258018192256,4.03850311366711,0.628954091562719,0.204847178244359,0.98831911519,0.642992067557483,6.98149342465826,29.9629868493165,44.9325949365797,3,"hierarchical"
"iYTgW5T333CWcsfmh",1.88534459966742,0.348636591880757,3.86376490475916,0.483678031035265,0.265986097963888,0.97093249102961,0.614103392684908,6.4923988517121,28.9847977034242,44.1193600883092,2,"hierarchical"
"iZfaFMuMSyvAddwBS",2.00115695318401,0.373429175767388,4.12527707176958,0.526500635585324,0.293427560706511,0.967410446422149,0.57707000584157,6.02043182004898,28.040863640098,42.8420444537784,3,"hierarchical"
"jbpaPgCaMgYkRWEao",1.68996420941284,0.251488465650784,3.55523430731671,0.540471290168104,0.306706017033231,0.483238937338768,0.58065938573405,1.92263042662405,19.8452608532481,35.1414448966733,3,"hierarchical"
"jtCkRhCfghMB4pSKc",1.88816082965198,0.373202066396317,3.89179805367952,0.52758428995843,0.287405491849418,0.979361739329351,0.603327758465562,6.38601421676226,28.7720284335245,43.2253283516871,3,"hierarchical"
"jtSCTzq2BSCnhLpJm",1.3397573492335,0.336109247154975,3.75383724629542,0.612637653600485,0.110400962304257,0.99,0.675921769577099,8.09291070737853,32.1858214147571,46.9870022284375,2,"hierarchical"
"k75ryzJLnpnjcyWMZ",1.99738388403805,0.394298927099552,3.30222946114567,0.548565464429229,0.305473305978124,0.950714479942677,0.601860283098461,6.24289691084398,28.485793821688,43.1149249936007,2,"hierarchical"
"kk82Zwq8qB3EPZDqz",1.9996601412531,0.430881743949557,3.63401860155694,0.717524950653982,0.221090589412261,0.900148013313353,0.6368134324851,6.32492240595974,28.6498448119195,43.9460288553447,2,"hierarchical"
"KQ3vR5FMgLmQFvHYY",1.20767171704496,0.23219215493211,4.09564902663765,0.590711566796738,0.236915199220995,0.99,0.627362804863965,7.41684501708925,30.8336900341785,45.8032981214416,3,"hierarchical"
"KRjcZ7HM83rHBHa2z",1.89066850714744,0.382705151276502,4.00652540782224,0.619649364609751,0.243011168595037,0.905934248151232,0.61974455688602,6.03477719782547,28.0695543956509,42.5228543138135,3,"hierarchical"
"KrMKd9t6wHWcie5KY",1.92412289379314,0.300009453563392,3.51249153080678,0.705797107751342,0.329957645353602,0.99,0.602144577290261,7.36822777538502,30.73645555077,46.0326395941952,2,"hierarchical"
"kS3ZuehqRYQaatj7X",1.33560643111718,0.220225266953677,3.53512960412039,0.678756721552288,0.242572777576807,0.987382955885528,0.644251109544982,7.65965836074939,31.3193167214988,46.615500764924,3,"hierarchical"
"KsdrRF8ja8FFhws5f",1.99345039444089,0.245574402753209,3.8505606030636,0.696092546893292,0.221605333634935,0.99,0.646778999772108,7.75119059770222,31.5023811954044,46.7985652388296,2,"hierarchical"
"KyRPNfTRmBvPMrHqq",1.96795640758502,0.375175630381754,4.16529113179538,0.530823566619135,0.297003560785257,0.97946432571177,0.572930457601425,6.19365118711821,28.3873023742364,43.3569104614996,3,"hierarchical"
"LEGhKb3RP6EcgEKvX",2.02937864998551,0.3576905783586,4.27827404112462,0.715763282419173,0.206894189089344,0.99,0.629028325025879,7.12953372447215,30.2590674489443,45.5552514923695,3,"hierarchical"
"LpjrYMB38ej53iybS",1.99034234961207,0.287584895594165,3.59217946317446,0.606682056223491,0.288138901604704,0.867169659381914,0.690806893605309,5.69629917211105,27.3925983442221,42.5271607291071,2,"hierarchical"
"LrdehovdoeNoYXHvL",2.00926590622794,0.313042897218082,3.84675369284922,0.762914884482503,0.227720746169691,0.979053559566371,0.660580201527603,7.27378313670541,30.5475662734108,45.843750316836,3,"hierarchical"
"m7jzbNcshmJ7ZZEwp",1.59159236867772,0.33203003170163,4.09916790157878,0.550281682311403,0.26592080938977,0.99,0.630972987573569,6.79527621906868,29.5905524381374,44.7251148230224,3,"hierarchical"
"M85ajvswFgHgYCgpD",1.95885958024226,0.318989094448859,3.79869909924952,0.636132746908812,0.270856760006421,0.968510842145269,0.604999724097172,6.49815260865135,28.9963052173027,43.7974860309832,3,"hierarchical"
"MBh52GAaDc7XcK7fu",1.99974495681957,0.444770497931715,3.13060151036572,0.491044038719626,0.292826452270128,0.802333150925307,0.640783033522475,4.76285000517709,25.5257000103542,40.8218840537793,2,"hierarchical"
"MDfLeY4zbfLsLWT97",1.99999892710434,0.351029821267816,3.48138395318324,0.518555991468666,0.318756730494339,0.447009903460844,0.572644446558911,1.06264192210129,18.1252838442026,33.4214678876277,3,"hierarchical"
"mFsazycX7sAsp9h25",1.95608952228152,0.441207790366127,3.29294597003807,0.525012038315974,0.246703914282467,0.934058298494987,0.685064626086362,6.38692156482808,28.7738431296562,44.0700271730813,2,"hierarchical"
"MozhHaQ4szyqQu5eq",0.837866614017252,0.225032858215808,3.133494311372,0.516246180424956,0.283997523298535,0.935431175489388,0.622740087565038,7.39954510280366,30.7990902056073,45.6002710192878,2,"hierarchical"
"msdLxvzuFuBEfwHNP",2.00918319335241,0.363322909767752,4.22031566503774,0.477773956182625,0.290819285651066,0.938591361127678,0.567183218264999,5.66231359464528,27.3246271892906,42.6208112327157,3,"hierarchical"
"mtSNnmY4epZtXbxjF",1.96160560591645,0.346598574464875,4.37010767398174,0.605934728853351,0.206326721244367,0.976463725933866,0.625972360320216,6.53656241588309,29.0731248317662,43.5264247499287,3,"hierarchical"
"MXMDFz7DphghwASKG",1.55264167157857,0.280621528610149,3.93870044161221,0.58768610523108,0.271644367848809,0.99,0.606367039459901,6.9822296622239,29.9644593244478,44.5935904963606,3,"hierarchical"
"N2RXRFHQ2rhtDakGM",1.99934164416511,0.636356493108337,2.0106748307217,0.507945843744767,0.313771999542734,0.834866653616585,0.636489467898997,5.59625961379652,27.192519227593,42.4887032710182,2,"hierarchical"
"n3MHhgEbesYtmt2kn",2.01386606302682,0.33077517818914,3.9989177487689,0.718032655350737,0.211370283761057,0.99,0.627283402172348,7.14219097931352,30.284381958627,45.5805660020522,3,"hierarchical"
"n3NfFKtoPnhZpasBC",2.00134232935752,0.454798763784585,3.09841651571917,0.566451224280058,0.209735238612717,0.915280168330649,0.673433456506379,6.24088932367111,28.4817786473422,43.7779626907674,2,"hierarchical"
"N5ZHcAxKkpfLMLkK2",0.132326988319097,0.299604574347676,4.02308084406885,0.67942623499599,0.01,0.99,0.589734492765719,9.9017042492127,35.8034084984254,50.9379708833104,3,"hierarchical"
"n9aaRzPoqbYJ6PBxf",1.12340643950986,0.440034158458053,3.23408228558317,0.532674776862906,0.317676103805037,0.967799132068448,0.658829641289148,7.31167721437783,30.6233544287557,45.7579168136407,2,"hierarchical"
"nCh2LGBiZh9Zbacqh",1.27120684153111,0.305569799919582,3.45687840195727,0.671489304350729,0.213716899538188,0.99,0.715429932818229,8.24917072392419,32.4983414478484,47.7945254912735,2,"hierarchical"
"NdwuaTz3c455EDcMR",1.89518655582726,0.284486065822525,3.92647490392502,0.863724324219062,0.269895644526659,0.987132309732533,0.605372361613468,7.62406869730651,31.248137394613,46.382699779498,3,"hierarchical"
"NFBuuZTCH8LQ2kWCB",2.00000801325079,0.370750061625727,3.87005951688063,0.562648933933609,0.290408398473934,0.941095981592503,0.600393385449206,5.85509975058052,27.710199501161,42.6798075884242,3,"hierarchical"
"nhHityYuFwTypnDnG",0.61298970160324,0.183698058917922,4.48462985621728,0.927979988759772,0.178086065607699,0.99,0.631920633573813,9.96927990618787,35.9385598123757,50.9081678996389,3,"hierarchical"
"nofYosxEPLN62DENK",1.7152667887262,0.347292531611972,4.05649218931988,0.581011870708298,0.280145780417897,0.99,0.5974003187686,6.67450215822047,29.3490043164409,43.4386052419894,3,"hierarchical"
"NtML36DS3EbbMyQme",0.953192275938543,0.294990003789681,3.94888334911413,0.679970134313298,0.189633424157869,0.99,0.668816123680722,8.16999240491171,32.3399848098234,47.1411656235039,3,"hierarchical"
"nzAZFfjoyKnjRsrFS",1.97801294336736,0.357221857387389,3.96672022253716,0.550074646056359,0.294465998002221,0.98284053442489,0.584334625240778,6.35839826598897,28.7167965319779,43.851358916863,3,"hierarchical"
"otzGMAMYTaNM4DdPn",2.00007196240939,0.386600256561417,4.12309454474949,0.541180913508383,0.285182588290907,0.970861633119177,0.593960018210798,6.11557567440273,28.2311513488055,43.2007594360686,3,"hierarchical"
"p9Pc7iimdmsm2sGzM",1.94798294287957,0.412320633176861,4.41832832131158,0.587982938345621,0.265322421947087,0.99,0.582830731480972,6.36734934742588,28.7346986948518,43.3638298667645,3,"hierarchical"
"Q33ZkhGogK54Yiad6",2.00238493196248,0.361922068475328,3.93921165073307,0.531229645367713,0.267206967672364,0.953377829376897,0.607529523905697,5.99227290861887,27.9845458172377,42.0741467427862,3,"hierarchical"
"Q9yqtaGi2EPt3hwfa",2.01282014236288,0.409902148228234,3.36197153932948,0.546576882225197,0.244649972072515,0.922722551935418,0.66371501866486,6.10820895156548,28.216417903131,43.1860259903941,2,"hierarchical"
"qc9nsRDra6Y5AbpGC",1.16078017823113,0.241563033924226,3.39401026699714,0.794677950576796,0.265093771626019,0.926264968118557,0.625540361345244,7.31454527328658,30.6290905465732,45.9252745899983,3,"hierarchical"
"QEkygPKFDHX8dTovL",2.00347101397752,0.40866612416491,4.28122922556891,0.500973356556636,0.278442209083806,0.970815734161271,0.582040329598652,6.01802760594914,28.0360552118983,43.0056632991614,3,"hierarchical"
"QiAFXTGpSRyku26si",0.01,0.264745814690736,4.16862056798449,0.58530194748425,0.294931150681154,0.931055201451602,0.630359933880711,8.29338659509452,32.586773190189,47.8829572336142,3,"hierarchical"
"QphCK7XfX4oCrjvww",1.7894362820426,0.351819919418228,4.19236618968362,0.535790776465573,0.269442065884107,0.99,0.601609649530748,6.58755116863564,29.1751023372713,44.1447104245344,3,"hierarchical"
"QT7mxdnWgS9W97t2H",1.99931146166779,0.411469333473,3.49954408284379,0.495687460876404,0.287367948934312,0.937192773747104,0.611915252344182,6.02051160358925,28.0410232071785,43.3372072506037,2,"hierarchical"
"QwxrtX6nKnEXWhPim",1.9770908650122,0.324001711004169,4.16508689863755,0.816071563316555,0.218519321813105,0.99,0.668260357924115,7.70673941964074,31.4134788392815,46.7096628827067,3,"hierarchical"
"r8A8dnypXvzzDjC9A",1.62950085389987,0.423413743675902,0.1,0.498801911118821,0.422769929973497,0.395299454922984,0.654418007137649,3.75523872401032,23.5104774480206,38.6450398329057,1,"hierarchical"
"RAnPiw2wuw8cPAnZM",1.91960935959168,0.255204197662614,3.19136684035763,0.596804949521884,0.296212726252786,0.948339276155038,0.595804355542112,6.57385008386876,29.1477001677375,44.1173082550006,2,"hierarchical"
"rCALFNNX4fFAWXKF4",1.75030378755504,0.266024616592136,2.56176399261926,0.553575730646902,0.254685551491721,0.851904491437418,0.662502276231881,5.81632759774993,27.6326551954999,42.928839238925,2,"hierarchical"
"RFCGABXPtqyCd98Tm",0.845974896716213,0.428493865500716,2.49586386912476,0.583160733113561,0.251928258747861,0.964323247422887,0.712757423721067,8.08597999258543,32.1719599851709,47.468144028596,2,"hierarchical"
"RnGhGAoxgGGCzXdNR",2.00552236804436,0.355086783300624,4.24725732876586,0.53705889416644,0.274130560424017,0.965914550202513,0.587908304951502,5.97063178869188,27.9412635773838,42.2147806487298,3,"hierarchical"
"rRaFaEeBvfwz5YYyz",1.93239600258616,0.268871670658662,3.97602692152505,0.588135233761379,0.287615315844682,0.969513843734997,0.66149165184584,6.75665269238846,29.5133053847769,44.8094894282021,3,"hierarchical"
"Scejxx5jwQ4pGjsdH",1.60131309173015,0.267730189332686,3.80326792946434,0.52962778621047,0.283828322168187,0.99,0.616910851488742,7.18790654189322,30.3758130837864,45.3454211710496,3,"hierarchical"
"Suf75kfKvqyAqe5a5",1.09543068066199,0.170260708348305,3.86529994838836,0.738358045455676,0.201858757538659,0.99,0.658291314767455,8.25000507943968,32.5000101588794,47.7961942023045,3,"hierarchical"
"svtP9WMjEcd9CBpsP",2.0000352754822,0.36273674990955,4.15227172679523,0.462960478944335,0.309556084505607,0.872486868807101,0.566046828309854,4.95501620169585,25.9100324033917,40.7112132170722,3,"hierarchical"
"sxpHgkezZ7Az2shHq",1.99944352091221,0.322053151176673,4.62448204182252,0.546086152344771,0.179613873297088,0.99,0.645058856486131,6.77755458529246,29.5551091705849,44.6896715554699,3,"hierarchical"
"t3QxQ6jXii72iYCJs",1.43705447923205,0.280315636376817,4.04280138473823,0.665517513105704,0.215801570400072,0.99,0.65589685787052,7.61215961105689,31.2243192221138,46.5205032655389,3,"hierarchical"
"tchBBCWaoktNqcDJQ",0.742568246021848,0.263236118795053,3.58804497423806,0.554877847009903,0.271840149282571,0.970517257005159,0.6246000155796,7.44625038472297,30.8925007694459,46.1886848128711,3,"hierarchical"
"tH64wBxa8PTJXp898",1.99395222770669,0.362769832502008,3.93986767209277,0.534717906292159,0.283155142333658,0.93107919457659,0.593801525987899,5.60018338713669,27.2003667742734,42.1699748615365,3,"hierarchical"
"tHGcfndE9oTaQrbZo",2.00070946795725,0.306284350718775,3.85742447063171,0.508442121753891,0.318081847251719,0.510214864115974,0.567272301600035,1.71665838429475,19.4333167685895,34.5678791534745,3,"hierarchical"
"TncHr8XzgrSsm9bhr",1.92972632815844,0.305883517535604,4.05433144912065,0.608533915832747,0.255001390457,0.963589832649728,0.623895763224435,6.39402647128782,28.7880529425756,44.0842369860008,3,"hierarchical"
"Tomg5iun2wXdEtrGb",1.69124733531075,0.290448795058591,4.12788767549951,0.640782863953011,0.277983079363238,0.987387053748915,0.603105520129386,6.89077338875495,29.7815467775099,44.9161091623949,3,"hierarchical"
"TPPSGrBR4EcTzdYCc",1.74464882070138,0.243847053579195,4.47066915894531,0.548552168144678,0.273507560668501,0.66742802865994,0.589641948793318,4.71239904431553,25.4247980886311,40.5593604735161,2,"hierarchical"
"ttDSiPLpEcCMkfJCN",0.173974937389479,0.390787114000758,3.60364457663624,0.531606488968424,0.244948375574498,0.99,0.675837324177128,8.89563285724533,33.7912657144907,48.9258280993757,2,"hierarchical"
"u4HsniGxweJKnaE3J",1.97201926720323,0.353648947548932,3.97463617346315,0.559879852827453,0.276658047419947,0.954882882517178,0.597501983546829,6.06221368978245,28.1244273795649,42.5777272977275,3,"hierarchical"
"uf3savX4JPbojL3W4",1.94019810155113,0.339579551902448,3.79273428821212,0.621507291311938,0.24602683448893,0.962142090497415,0.630392697629726,6.4817955363028,28.9635910726056,43.9331991598687,3,"hierarchical"
"uo7uXGZ3yDjDijhvn",1.98640200212491,0.316079910379393,4.30561347380813,0.308534669039963,0.208172862000534,0.964441156669734,0.639038095327703,6.60664510947111,29.2132902189422,44.3478526038272,2,"hierarchical"
"up72PaREeYvSt8NGC",2.00200281795523,0.321140168306635,3.64773458784512,0.577899883761642,0.306936394210038,0.966569219536574,0.600482171397051,6.46285740813307,28.9257148162661,43.8953229035293,2,"hierarchical"
"uySJDtSAH7NTwzChc",1.98278584195208,0.364571415428295,3.74481151195355,0.523372036909882,0.292252061591373,0.916610094465734,0.597686612773724,5.58520406039616,27.1704081207923,41.9715889344728,3,"hierarchical"
"v3C8m3hrGBFw7C6yR",2.00476842841011,0.609741058359982,2.68267819879479,0.503516074724218,0.361809396992515,0.75357824592484,0.611522460371318,4.45092880257025,24.9018576051405,39.8714656924036,2,"hierarchical"
"v3nJGaFTLZeP9a8Wf",2.00678396936751,0.299961498335811,3.93512477204643,0.544656677408415,0.272328176210316,0.951095398517109,0.606755636114647,6.08355056947003,28.1671011389401,42.9682819526205,3,"hierarchical"
"vqYFpsi2erDcHcAvs",1.98556324757115,0.356938701181495,3.92289128503445,0.610450416894123,0.249539723529134,0.980518923229046,0.601007168587994,6.58755242571611,29.1751048514322,43.4486219227783,3,"hierarchical"
"vXitrhFTWWXoGhLQS",1.52026502786607,0.30557242547829,3.75789475411598,0.542322192928589,0.245179138098087,0.99,0.66995086737083,7.36961381722018,30.7392276344404,45.7088357217035,2,"hierarchical"
"WcpFWD3sn2dnt7ruN",1.44780195559808,0.242170175349723,3.33035667639267,0.70296446570705,0.25875030823403,0.970630353057246,0.632313886152168,7.38691011036779,30.7738202207356,46.0700042641608,3,"hierarchical"
"wG6QjNWp5mYqNWuBF",3.24415155394889,0.480393956685563,0.938134367241036,0.589191821133172,0.216131431174198,0.621350255024798,0.734271717746728,5.18174906047585,26.3634981209517,41.6596821643769,2,"hierarchical"
"wkP56uZ6uxtoZWvEx",1.14366901979779,0.361562159888743,2.96007186951284,0.52365208797901,0.278948643842647,0.917434604719545,0.660003300031329,6.77018277963673,29.5403655592735,44.6749279441585,2,"hierarchical"
"WPFaEtA7nyZHg4Y47",2.01246921806412,0.309798261572997,3.97272103346703,0.565058806296972,0.281835527540565,0.967021795557304,0.599303332630565,6.25901928898613,28.5180385779723,43.4876466652354,3,"hierarchical"
"WqjyipyHYQTFDgpma",1.93333185380238,0.296566515561993,3.96204533917046,0.530469038016381,0.253738907495117,0.99,0.635504603104928,7.05150377965983,30.1030075593197,45.3991916027448,3,"hierarchical"
"wrfmh8v8Ndz7y92Zi",2.00295900186614,0.299245262420211,4.02843200832386,0.648330457421466,0.229555112519123,0.980516992889384,0.654243791123316,6.92977555693534,29.8595511138707,44.9941134987557,3,"hierarchical"
"wRYnMSayjZKRGqRqt",1.77624335111185,0.311895742516773,3.09494006864617,0.517889912886078,0.324761210329774,0.428490724244739,0.570528657371887,1.26824100624689,18.5364820124938,33.6710443973788,3,"hierarchical"
"wsZzoe3S4epTeQauL",1.9932129416766,0.39497531742046,3.47844071899277,0.583209775815604,0.265757610343515,0.934045007906461,0.649965547004296,6.17897134443756,28.3579426888751,43.6541267323003,2,"hierarchical"
"XegK3ZL8buDE4txYG",0.01,0.231981717529968,3.58183197866949,0.578231533971131,0.226897471914373,0.99,0.714856001923516,9.83689634876521,35.6737926975304,50.9699767409556,3,"hierarchical"
"XH98XuvMaGixN3eSp",1.99983520535195,0.327789103806185,3.81999367784775,0.61457274935202,0.316878763711374,0.741084449023144,0.597832039660736,3.60484402215285,23.2096880443057,38.5058720877309,3,"hierarchical"
"XQeKZ56cpS9nyygnL",1.19132867039156,0.433181209983637,4.50114550592225,0.598460396830932,0.213694012449271,0.99,0.708905933696318,7.79119946610212,31.5823989322042,46.8785829756294,2,"hierarchical"
"Xs8SR4fz3z2r8oZMn",2.3001189504586,0.440643304402428,1.03845819634598,0.49859351460678,0.32249332151143,0.456032371348914,0.608151069036181,2.73981491006619,21.4796298201324,36.7758138635575,2,"hierarchical"
"xwzqYG2ZvEjx6mhJ5",0.0631801690925843,0.301309407161613,4.13599506585593,0.604319373066008,0.208295629353932,0.99,0.638507292774119,8.98300604722989,33.9660120944598,49.262196137885,3,"hierarchical"
"yCHzWTjvx5F5HfJwd",1.99304859422563,0.331926851379661,3.88517077459065,0.579141067864338,0.252817112881307,0.956563617542236,0.659100971834278,6.44833400360339,28.8966680072068,44.192852050632,2,"hierarchical"
"YcSSS9cB9GAyueBcA",1.99561876629646,0.28246973847027,3.61443337277373,0.542089939132267,0.27191994810547,0.964298294483631,0.614817675990736,6.51707678988531,29.0341535797706,44.0037616670337,2,"hierarchical"
"yerbgPdoxYmef2g9C",1.66878948267706,0.28669649105773,3.9770488248563,0.709653512959188,0.266746920164816,0.99,0.599023839402723,7.16263661752535,30.3252732350507,45.6214572784759,3,"hierarchical"
"YhxDftyhYzoMQY8bk",2.03531307070098,0.291231884885005,4.31899748539673,0.643849745824641,0.144318057649593,0.99,0.649260252529622,7.24214902549099,30.484298050982,44.5738989765305,3,"hierarchical"
"YNKzunS5xPmBze6ea",1.47368812294835,0.29719080609304,3.84494305870114,0.581376549226068,0.277181187282264,0.985648929859365,0.601671301166744,6.92663562976644,29.8532712595329,45.149455302958,3,"hierarchical"
"Ypev43WHEFDqHzLbZ",0.98790821768293,0.316142381512413,1.93352679457935,0.526805555631855,0.303574538932317,0.734843055575951,0.598170973831317,5.15858574986912,26.3171714997382,41.4517338846232,2,"hierarchical"
"YWYrb3pQagdr9GHZy",1.98543705540619,0.278603563275929,3.56742301063928,0.883432175407869,0.289324591550328,0.967323488618207,0.649590141506867,7.6541996164965,31.308399232993,46.6045832764182,3,"hierarchical"
"ZbKdYEBcyQRYYRZRd",2.00506818582746,0.445984101205097,3.03190551619192,0.557997621592344,0.365454638766648,0.910880373485486,0.630271492409609,6.00067532479192,28.0013506495838,43.297534693009,2,"hierarchical"
"zgoFBo6m4D8jZDPFE",1.94948550750225,0.351538891267027,3.72066952026451,0.540829926048061,0.270170865440646,0.965740326740183,0.612711307015098,6.34118115158103,28.6823623031621,43.1356622213246,3,"hierarchical"
"Zy9TbjSysyttPJkfj",1.86644019776326,0.305533916763497,3.30154200453974,0.628911881186198,0.219561052226659,0.958303825393072,0.683749372205851,6.9939337125454,29.9878674250908,44.9574755123539,2,"hierarchical"
