"participant","envy","guilt","temp_game1","temp_game2","sensitivity_game1","sensitivity_game2","alpha_Q_game1","alpha_Q_game2","w","nll","aic","bic","best_k","approach"
"27i4qdReBcXw8YuEi",2.34850273942375,0.178931945620399,3.4777724474745,5.4651344974007,0.744884356344151,0.436517419941583,0.823201176099238,0.665098795303937,0.653596975481896,11.6793772042686,41.3587544085371,58.5669614573904,3,"hierarchical"
"2ghfK9aHNeDGySQ3u",1.04040238763654,0.224618257708926,3.77387560955802,3.91248532065751,0.50440937809456,0.540697660935226,0.908207517089488,0.879836924839311,0.883524003439251,14.5316425338042,47.0632850676084,63.714613482999,2,"hierarchical"
"2j73t2yQ64ngLzJyz",0.01,0.418239147047978,3.9143927977326,3.92217802650709,0.54689290260851,0.587706367978517,0.963128126051849,0.966882214057463,0.871268033072584,17.4556508696643,52.9113017393286,70.1195087881819,2,"hierarchical"
"3AgtjHpxyrgstBNMZ",1.7295196483674,0.26582530821458,3.94706103793872,4.03353863786013,0.513314600644075,0.511030777187755,0.408798460161007,0.401437380602942,0.58080588600417,2.83616824141347,23.6723364828269,40.8805435316803,3,"hierarchical"
"3dbsqfSprGiQhZaLf",1.95320393705747,0.210722273208247,3.91714914312111,3.80121466475762,0.596041118480993,0.512879185519113,0.495147650052616,0.426836512627944,0.565706667668772,3.68045067687206,25.3609013537441,42.0122297691346,2,"hierarchical"
"3MJxZfkZpopGgv6Xd",1.88121222520334,0.379795900142697,4.74375527145857,4.80192644000777,0.511041036358867,0.573976135347886,0.960474770247683,0.99,0.831310917748113,14.733583089297,47.4671661785941,64.4935488615897,3,"hierarchical"
"3W6oYvY9BWQChF64y",0.256255263970634,0.153575975808941,4.46702030205731,4.77118142188166,0.638077646198377,0.526868662160086,0.839763433769454,0.946991841043208,0.767664606218676,15.1920596625461,48.3841193250923,65.5923263739456,3,"hierarchical"
"4pmMPmcSFQvdQzcsy",1.87889034420685,0.212900839080224,4.37837866401879,4.67827449632121,0.599689383749653,0.640032553737675,0.949255352974736,0.99,0.946997544582484,16.1272126385832,50.2544252771664,67.2808079601621,2,"hierarchical"
"4RkttSpAP5oejHxwQ",1.16013198420484,0.185973940726053,4.0563400073988,4.26870662500311,0.583449203625058,0.530681474926743,0.9211212992886,0.937181472789284,0.711706575388376,13.4966672359463,44.9933344718926,61.8341435700636,3,"hierarchical"
"53Gh5MSB7kKWYXdcA",1.42616473701787,0.595162675532776,3.79271448542652,4.5588571365161,0.565238286593424,0.506347526438302,0.918298599963701,0.813606585933089,0.716448682850155,12.5035659863702,43.0071319727405,60.0335146557361,2,"hierarchical"
"5fZ9mbFkp2dCyZLvL",0.792123494241495,0.320845609585557,4.24525336722888,4.16384152977586,0.534064182272005,0.564698499319652,0.98131845371039,0.957819158601534,0.627480775752463,14.56068516101,47.1213703220199,64.1477530050156,3,"hierarchical"
"5LACqtjfXnavP6M8A",1.97799715250832,0.321604141923435,4.06304148745863,4.37529826452527,0.545986563538195,0.530641261941692,0.907869722666172,0.939512399699174,0.5964853476578,12.2802451374836,42.5604902749672,58.4112913162093,3,"hierarchical"
"6G7Mori9G4LFJsArQ",2.02016742825184,0.328832184790183,4.38530312521726,4.76836432753554,0.483159297949144,0.530166371021734,0.819224206972954,0.99,0.75619629796854,12.1035016557492,42.2070033114983,59.0478124096693,3,"hierarchical"
"6j4uzW8HNrFcpQSNA",1.93616833203462,0.252900683375175,4.1187120311999,4.143288577595,0.545729817991301,0.497551627877933,0.961493936602231,0.943009764346304,0.654074105086169,13.5794238107186,45.1588476214371,61.9996567196081,2,"hierarchical"
"6Ru8t52bsqgyANH78",1.62190959521188,0.150358287679096,3.89885869179999,4.08126972205884,0.518178935296495,0.577533245523323,0.881068055924812,0.867770493599823,0.678205707375212,12.0813097020497,42.1626194040994,58.2203261093637,2,"hierarchical"
"83SwbhmvKbnkpGeok",1.9892058326093,0.34827444815375,4.33259181717254,4.04287643130807,0.462962438801698,0.538231441643959,0.87284804815354,0.738189283850197,0.542285619537992,9.38296585975048,36.765931719501,53.606740817672,3,"hierarchical"
"85QnxjnxoDBHR56h9",1.91890534245185,0.23967730925451,3.98380001457698,3.37547691794372,0.532310968644904,0.508708083076676,0.750966930196852,0.616938935247049,0.583141746212524,7.30157914530277,32.6031582906055,49.0609308590074,3,"hierarchical"
"8R3xo4bmDcubEZPpt",1.94385509662537,0.460976688229352,4.49102437039973,3.94405352749058,0.669452266122745,0.568942428162662,0.935431963547166,0.891529745543367,0.787437698475419,13.6895161174971,45.3790322349942,62.5872392838475,2,"hierarchical"
"9NZPdsRHMfTffJ86Z",1.57273614961887,0.291982691049207,3.91057793592872,3.96844212357799,0.595245643384034,0.601856066764714,0.825475122002121,0.99,0.935068418861598,14.6722535135909,47.3445070271819,64.5527140760352,2,"hierarchical"
"A7xu5DSWfjo8c3FBA",1.91042634110127,0.20279993800349,3.53422714897842,4.31326289696152,0.544828809116688,0.571545576660457,0.611130718848281,0.942454394491806,0.764975141186342,10.3441017637727,38.6882035275453,55.714586210541,3,"hierarchical"
"a9hGmsRsdt7ZJAeQk",1.19982253948469,0.404191569422043,4.09718347536326,4.50373999863658,0.600289677916687,0.56072162888307,0.851563414931249,0.99,0.972367414395506,15.4339011602302,48.8678023204605,66.0760093693138,2,"hierarchical"
"Abfu89CDogfCDRrdD",1.68984947805745,0.158703905561259,4.65375890176267,3.93057621639971,0.503187132424462,0.549724866627058,0.9507109798987,0.966329468097118,0.812777133748918,14.9072305225957,47.8144610451913,65.0226680940446,2,"hierarchical"
"AhfubTP2TdW5Wm9Tw",1.94627909105157,0.315114784201622,4.06922266121113,4.39582032547781,0.508074794449049,0.539490324773189,0.401161685836842,0.955361344176685,0.574735391777341,7.78192435627694,33.5638487125539,50.7720557614072,3,"hierarchical"
"AiXyxQy82SP82Mz9s",0.355904218098099,0.333953944413242,3.5336880083103,3.30439886943168,0.496011173858209,0.52826359440277,0.86035227679656,0.738685303556407,0.631716236797143,11.6370105502753,41.2740211005505,58.3004037835462,2,"hierarchical"
"akWAen38quSK7Kg4j",1.96637270116574,0.33411714804471,4.61359756252306,4.52045543790249,0.555203284501438,0.50011284529422,0.99,0.917516990656016,0.754285332299546,13.6565737909229,45.3131475818458,61.9644759972363,3,"hierarchical"
"At2dQJ4sv55MyXDs7",1.92120638371003,0.295002617432559,3.93681623723636,4.53515475418954,0.518749737672874,0.561762664334158,0.912852558506927,0.951439922616303,0.699854046564281,12.8190376098032,43.6380752196065,60.0958477880083,3,"hierarchical"
"aYxN6zfrwbrLBL32W",1.91762549915143,0.313166992661848,4.06983696687955,3.89820767785767,0.630687172224652,0.562301028909072,0.952246628105106,0.955340607689658,0.831487055450057,14.9968861609143,47.9937723218286,65.0201550048242,2,"hierarchical"
"B93AwGvKW9caWEvmu",0.827386692710986,0.570776829323979,3.77137904605066,3.00311340841658,0.642368683903009,0.581772755555629,0.846250891628789,0.782693693046622,0.925747750697235,13.6392073020153,45.2784146040306,62.4866216528839,2,"hierarchical"
"BaisKwodTw2aofXty",1.89219939444179,0.28334339718296,4.46123663925132,4.52155131746246,0.537802043617097,0.747785466122799,0.937831356004736,0.99,0.806787254156107,14.8044082242489,47.6088164484978,64.2601448638883,3,"hierarchical"
"bFMXvE5mC7tDsHNxi",2.00000908420028,0.34939743805521,4.24808235014745,4.59948323302591,0.509210453702247,0.509316990577152,0.3898654768146,0.469213041010369,0.603045583018489,3.72468373364441,25.4493674672888,42.4757501502845,3,"hierarchical"
"BjirnYWmbJDoF5MZC",1.13583892614534,0.232724150213478,3.5088666157692,4.11786005766157,0.533711700555288,0.51807131152633,0.868860868409205,0.930270341713141,0.85826851216127,14.238487630135,46.4769752602699,63.6851823091232,2,"hierarchical"
"bKhnRtYLu5DDWuY49",2.00626338073739,0.226216006509248,4.74876716725482,4.25089328099552,0.505278556919735,0.530582113664924,0.921091429406619,0.871820050384467,0.577268764635177,11.6678023885088,41.3356047770176,57.9869331924081,3,"hierarchical"
"bpNrvkZN8ogijjA5K",0.473435676141973,0.234188233163548,4.91140152836127,4.57301843295975,0.942207184485699,0.505988513951361,0.99,0.891110424767318,0.936618276593573,17.5627097045366,53.1254194090731,70.3336264579264,3,"hierarchical"
"bPrEvXrQaX2WdGYNX",1.9999399209992,0.352089508846399,4.34504828675329,3.97788896600088,0.464378090130482,0.621959669287881,0.819102717931818,0.916338198027001,0.643705271642271,11.3158463984214,40.6316927968427,57.0894653652446,2,"hierarchical"
"BxNfwbHaC9D97He8r",2.00069651262853,0.299203756762477,3.81524798401947,4.59570036094654,0.506677344959554,0.55731574575497,0.471495888973832,0.96885847886205,0.594587835828381,8.67221599031001,35.34443198062,51.9957603960106,3,"hierarchical"
"chzK9whS4YsmcwD3y",1.99996922503631,0.147976311023702,3.33581789346032,3.3132239086028,0.556262971043595,0.457197219744747,0.799996320010742,0.881854641196778,0.600388229426205,11.4436738078116,40.8873476156232,57.7281567137943,2,"hierarchical"
"CnADLvFo8fkyBJZkC",0.01,0.444104788184008,4.51607980814041,4.34257710952155,0.578370959789004,0.556212644634912,0.99,0.929283379212445,0.954430781539666,17.6745394503271,53.3490789006542,70.5572859495075,2,"hierarchical"
"cTg9Hn6YHgnCc95Pp",1.31195666966386,0.297801790004054,5.41608992332606,3.99852011269187,0.566713724493794,0.510367340444309,0.507333956260476,0.411296999551071,0.59758168922696,6.14427566109253,30.2885513221851,47.4967583710384,3,"hierarchical"
"D5gA3jaFXLPFZTGqd",1.99759997566138,0.235452347508728,3.10852881558831,4.29519258758962,0.494629037545955,0.531086720423188,0.804963464177053,0.914918855618511,0.690737500120912,11.8141303104349,41.6282606208697,58.4690697190407,2,"hierarchical"
"d7QvkA8PceMoQcnYF",1.61396608810418,0.151656405404172,4.73357718787396,4.68461351944339,0.472528820059327,0.685025096833074,0.947185971222038,0.940164521464677,0.960944758323053,15.8098879367181,49.6197758734362,66.8279829222895,2,"hierarchical"
"d8jhtd87Z3xEpYsby",2.00003337348127,0.376037181224605,4.18730893810453,4.47106203504151,0.482187696348779,0.507897056069798,0.923392620897562,0.87740480183352,0.830121412697389,13.1779686135942,44.3559372271884,61.0072656425789,2,"hierarchical"
"Dbtfi7wLjginpt97g",0.66269136363195,0.250232076876329,4.50302375615288,4.26295674937637,0.540033164002776,0.563209573663907,0.982654079006436,0.99,0.911232504144921,17.1662995605637,52.3325991211274,69.358981804123,2,"hierarchical"
"DjKevFkBso4yTMWR8",1.99682880889334,0.364052048431353,4.23137566413322,3.47151512776249,0.391482190777344,0.528005335402508,0.876383720732746,0.788682530926634,0.64836982080094,11.2665881184828,40.5331762369655,57.5595589199612,2,"hierarchical"
"dKpMaCJygWrdB5TKJ",1.99997865203684,0.316491088369001,4.27617166285202,4.33753159867248,0.507970941974028,0.506383643552547,0.385313079051337,0.376704779052838,0.56495495533234,2.21225040122549,22.424500802451,39.6327078513043,3,"hierarchical"
"DnRxFjmcg9Q45hrqJ",1.73199774423047,0.365125840357276,3.96919771013718,3.32759339160975,0.503645294125993,0.541244222825624,0.882690991694443,0.452856260074109,0.510690428435607,7.77692532366971,33.5538506473394,50.3946597455104,2,"hierarchical"
"DP5G3nnkvBYBp9piW",1.9042694432098,0.243710925679846,3.22966270713382,3.71287024951762,0.485275248575347,0.654407800846512,0.44274926731842,0.962563372712079,0.745358749077997,9.97472803166036,37.9494560633207,55.157663112174,2,"hierarchical"
"dS8fhk2ffh2AxcPK7",2.00108230500345,0.475130034156637,4.31968264307721,4.3007941697695,0.478659170637662,0.553441646932339,0.86406282502594,0.99,0.775165362562712,13.4452294494129,44.8904588988257,61.5417873142162,3,"hierarchical"
"dvG3gFW885sFMo5fm",1.36793011789301,0.187315430900531,3.87415615001728,3.94575108322977,0.596211922935101,0.676057610112602,0.961348329564057,0.908145710693429,0.62747053645216,14.0554156326734,46.1108312653467,63.1372139483424,3,"hierarchical"
"dWKqjzJQddLdGTCjg",1.13623494480713,0.185362147124721,4.34670985912671,4.13658585259521,0.550070134640528,0.559088202096696,0.99,0.912892768989435,0.870014097958765,15.6257599705033,49.2515199410066,65.9028483563971,2,"hierarchical"
"dxHfjoTs2oJTk77Mt",0.257774328320903,0.237202650083919,4.34656865404872,4.43088200446552,0.81068889860142,0.542688473430605,0.99,0.911844997117759,0.796906224119766,16.3711898628183,50.7423797256367,67.7687624086323,3,"hierarchical"
"e2HLhZS6gLCXmvMMW",0.562182381779347,0.223904952516309,3.99420542625202,4.42489040042286,0.578236553871114,0.580018287476456,0.944026706667603,0.862134195680175,0.83586537082015,14.6569978443138,47.3139956886276,64.1548047867986,2,"hierarchical"
"e8B4926naEsCfjs38",2.04437531130148,0.33505851156054,4.71989529983181,4.36369565543554,0.745658941776602,0.639025449541115,0.99,0.954510650312707,0.924657463935833,16.1308610895776,50.2617221791553,67.2881048621509,3,"hierarchical"
"E8tbZMXRJqzfWgsZ8",1.59776828532207,0.391465647542565,4.09593380306712,4.49146251011099,0.526196269591978,0.518198618334369,0.985374990915237,0.974547777144496,0.884143295476036,15.674572298044,49.349144596088,66.0004730114785,2,"hierarchical"
"E9LzmpdHM6iSvi34h",1.38529669256147,0.173175989262182,4.62832977650677,4.50244118943148,0.530887259335964,0.880211694589597,0.965220893423651,0.906668634688834,0.717389484351428,14.6397838479907,47.2795676959814,64.305950378977,3,"hierarchical"
"Ea7HtzzgbTJQYT5Fj",1.98844418835915,0.23941091861707,4.40545040448793,4.19849798573077,0.571546425928413,0.513702802971248,0.829766005849256,0.394553660777164,0.579563720348541,6.97372726546336,31.9474545309267,49.15566157978,3,"hierarchical"
"eJa4tvNxhZPMHStH6",1.93185472697825,0.289237293992208,4.46280108004368,3.67444284729768,0.5242133659041,0.54422941718865,0.943704322406993,0.910517285893901,0.68484393651361,12.8699401652758,43.7398803305515,60.5806894287225,3,"hierarchical"
"ejSnuLvqgFkRBorH5",1.95190594176012,0.2405447817856,3.99724092775555,3.88703260276151,0.544169295531031,0.512361178924084,0.885040064386202,0.920067511611397,0.700940563820775,12.5816433391041,43.1632866782083,59.8146150935988,2,"hierarchical"
"f2FdHBZDr8q5bibLi",0.70874038902653,0.229634769543285,4.0916937745665,4.30030511435579,0.573537190459846,0.562750641377614,0.782090530652862,0.98213705867083,0.746799387649351,13.0478377241976,44.0956754483951,61.3038824972484,3,"hierarchical"
"F5Zg4XCNFq6n2cbMK",2.10453966696329,0.295545610444256,3.74328379897577,3.9546612564475,0.484562474565704,0.503868093015047,0.563396004611925,0.486143390273152,0.592030988655243,5.35788275507772,28.7157655101554,45.7421481931511,3,"hierarchical"
"fayFWbzNk3iNFoczM",1.99017089717732,0.31203982887357,3.82810526545669,3.85001917675456,0.52109923491923,0.400145041330832,0.912803414924367,0.916817973251905,0.742220836641808,13.0172397083561,44.0344794167122,61.0608620997078,2,"hierarchical"
"feAs2YDsezGm7Y4tB",2.00000030586822,0.308611637945654,4.39776455764062,4.1712378307657,0.506923916091331,0.510907590825952,0.376950604275458,0.400110623396456,0.569695962492189,2.20866697947303,22.4173339589461,39.4437166419417,3,"hierarchical"
"fKAj3eX6QZyZhZaQX",1.99585721687052,0.22503462588851,4.06694302504966,4.16628845557226,0.589795939086828,0.521338964012033,0.792156044607234,0.893120615419472,0.660812820373306,10.8747325154764,39.7494650309528,56.5902741291238,2,"hierarchical"
"FW8pE9hEfsqWL6XYY",1.99997076585707,0.323186562527159,4.48620995030842,4.60689063724243,0.55085091234158,0.513559865437297,0.959744692074732,0.930167008436241,0.596816875357331,12.4978913678184,42.9957827356368,59.6471111510273,3,"hierarchical"
"fzK7Pj4iAgfbRSwx8",1.88472137775809,0.426008567059791,3.78628340906728,4.62131209405348,0.479775037377509,0.616195262766728,0.748046400254936,0.99,0.913141680096855,13.9152422844933,45.8304845689866,63.03869161784,2,"hierarchical"
"G4WM9iR3ErZ7APDvS",0.720468140853126,0.320360072700407,4.05658268204502,4.80784408347095,0.510423271389274,0.516443973731174,0.402628331481169,0.99,0.972001622335069,12.0005513490164,42.0011026980327,59.209309746886,2,"hierarchical"
"gBos5wbJNi362wqKs",1.99999952143113,0.330071247406759,4.01336250206949,3.28240901878393,0.565622508982295,0.51231061015918,0.655188780077185,0.647472083926984,0.596010973490017,7.82695610252713,33.6539122050543,50.8621192539076,2,"hierarchical"
"GCi8ZTfP7pjNh3ygF",1.98849671205495,0.301416204564897,3.88917275519708,4.1389953012489,0.616617792256731,0.529143390018696,0.821879519398112,0.910464667049608,0.694489682441499,11.6990301658902,41.3980603317803,58.6062673806337,2,"hierarchical"
"gDDqZ4APaFDnAPkBM",2.00491997382718,0.270010928541871,3.7861244201936,4.27868482442447,0.790239788464118,0.475193634640678,0.84563066447866,0.937387301923696,0.771583484443464,13.3081523391082,44.6163046782163,61.642687361212,3,"hierarchical"
"GEwKu8fxgYxA2CE7x",0.01,0.289306117618469,4.36568391991279,4.74873305242882,0.586553620655444,0.540814803099014,0.946962399918022,0.974635560584357,0.845794289627242,16.6312402451746,51.2624804903493,68.2888631733449,3,"hierarchical"
"ggHn6ddbqYBsqqpj7",1.85254409723049,0.218702834428073,2.84293233987039,4.45173117991118,0.515545508524627,0.50954162653767,0.832148831365785,0.943018470347146,0.789378858855427,13.2530042582806,44.5060085165613,61.3468176147323,2,"hierarchical"
"gpreusFXTLjCquosK",2.01592114593843,0.478590572604403,4.11362870553553,4.73628664275214,0.548313330001852,0.344208322901176,0.879932724084357,0.463440629176526,0.609755566112563,9.4243866549152,36.8487733098304,53.875155992826,3,"hierarchical"
"GwdKonwx45xH4bGJo",1.76458027015704,0.397420397657715,4.60220484713678,4.43119505719743,0.642212257321664,0.543908155346022,0.924392845083113,0.975920024743272,0.806364616582038,14.3814256108963,46.7628512217926,63.9710582706459,2,"hierarchical"
"h633xXHHiPR8zvQez",1.01902923127011,0.273228738620392,4.37837896623538,4.64594293510294,0.645605868962245,0.551802161258335,0.943767204725874,0.97115004096623,0.91292807569789,15.993662321333,49.9873246426661,67.0137073256617,3,"hierarchical"
"hFnRGnnbkqJCyPjhF",1.44441772531689,0.270952149236785,4.45564081690386,3.82371757312308,0.599956213382644,0.475871673262071,0.863583584459509,0.856851537269513,0.888974724839793,13.1043667454678,44.2087334909355,61.4169405397888,2,"hierarchical"
"hfnZYnFrK2htSh7Fq",1.90959406924366,0.486894837978817,4.78016865214759,2.9052883458784,0.536132597159176,0.452409090154303,0.802498556081291,0.584394357899598,0.720117404997509,8.66803206411339,35.3360641282268,52.3624468112224,3,"hierarchical"
"hh4qJjYdwZYPEHeH8",1.15550220737501,0.325000289456033,4.34099457874158,4.51213004462172,0.596533540263533,0.660258979935794,0.945331958991454,0.99,0.907958245119504,16.1594578503394,50.3189157006787,67.1597247988498,2,"hierarchical"
"hibiX8TGatbBx887A",0.01,0.272634329298161,4.7365270255131,4.37702334625625,0.633893854014799,0.642195229912799,0.99,0.973744204821386,0.952599329486716,18.5316954497562,55.0633908995125,72.2715979483658,3,"hierarchical"
"i37oYBN2MWCukq7eP",2.00022785908566,0.276647623590162,4.45062571888325,4.17377342092545,0.71284232209907,0.433590890691807,0.641100411118376,0.941113411928161,0.51543412315884,9.56495281688928,37.1299056337785,54.3381126826319,2,"hierarchical"
"i9c86bTZtwmiy2QrN",1.97981450574981,0.193877805546447,4.4139434263306,4.59821348533879,0.542563471394979,0.474053826799643,0.988042779839458,0.950560038581367,0.692842486856728,14.2785101489201,46.5570202978402,63.2083487132307,2,"hierarchical"
"ig8TppDhAgvNhrq3a",1.98753778302115,0.26262120750659,4.52817346470181,4.49574039460106,0.738743397249015,0.577408172408193,0.99,0.957413761632592,0.969283810164082,16.5398058925361,51.0796117850722,67.9204208832432,3,"hierarchical"
"iJQmXH2QMqKPp6wyu",1.38006819420876,0.25758833458462,4.1685979573337,4.34336899092565,0.514488916300568,0.594422663453138,0.957572884613899,0.946746966543883,0.666315413476157,13.7157137585341,45.4314275170683,62.0827559324588,3,"hierarchical"
"inGrj4rs6YNvqvAPb",1.90830944209431,0.244289479804426,4.55107821342998,4.54856850907962,0.522646455055635,0.635351220734718,0.952300363662586,0.823899676137808,0.854709374065347,13.1886687517258,44.3773375034517,61.0286659188422,3,"hierarchical"
"ipDaioMcYw6HwWoxW",1.99079265708342,0.219631396068516,4.12615804805211,4.72310409999635,0.602224430073462,0.730029531806384,0.79793552858565,0.90090060054531,0.860775219107323,12.7528649302651,43.5057298605302,60.5321125435259,3,"hierarchical"
"iqQMMWSpQpuKtpqzp",1.99164888221395,0.310950345178516,4.29827017084459,4.32130977176781,0.538875406606988,0.538062880196039,0.931755227854973,0.95837993889961,0.593991372596353,12.676841407816,43.353682815632,59.6136452235649,3,"hierarchical"
"iTsSFZydAxMNk4H5X",1.8736616339344,0.50837404117328,4.62210441735631,4.31399731341552,0.651282982292157,0.50935775931818,0.923556695219565,0.918705618775697,0.935086837941816,14.5816127104382,47.1632254208763,64.189608103872,3,"hierarchical"
"ixhJYtMzcxshRLyCH",1.74560450519955,0.259161551899787,4.72843554163298,4.47740744588737,0.638754505677008,0.570147326410905,0.969994328813933,0.967917892603126,0.886593839085459,15.2836404210855,48.5672808421709,65.4080899403419,3,"hierarchical"
"iYTgW5T333CWcsfmh",1.84980747573472,0.296467122106108,4.37307922534617,4.75060123800348,0.679196380313185,0.532690643715401,0.923699864025198,0.974158673669827,0.679409063286481,13.3321420426951,44.6642840853902,61.6906667683858,3,"hierarchical"
"iZfaFMuMSyvAddwBS",2.00514328900698,0.336199361489001,4.30865191408249,4.58464056085382,0.54208534684991,0.51380786892771,0.900532731884505,0.95687666996261,0.615842324278982,12.2728200994735,42.5456401989471,59.1969686143376,3,"hierarchical"
"jbpaPgCaMgYkRWEao",1.67161172910596,0.21386841051554,4.2228129298782,3.9156839345421,0.531297407281089,0.511916258164144,0.447764715605415,0.413849411521078,0.600580414542528,3.65820762804001,25.31641525608,42.5246223049333,3,"hierarchical"
"jtCkRhCfghMB4pSKc",1.84551970116616,0.397617973879652,4.32102073186204,4.36732292801841,0.507968427207298,0.545349348935914,0.964389834859787,0.952463792813692,0.723802629792018,13.6252057024296,45.2504114048592,61.5103738127921,3,"hierarchical"
"jtSCTzq2BSCnhLpJm",0.962836427597944,0.211879978632762,4.4106723250197,4.76623157870293,0.537191652077489,0.685121346383766,0.883910294637741,0.99,0.8134046639108,14.8968312986208,47.7936625972416,64.4449910126321,3,"hierarchical"
"k75ryzJLnpnjcyWMZ",1.89763960695088,0.31376229557242,3.58015541250011,4.35938809785382,0.521051339793718,0.564776514866987,0.797543285947466,0.917730254575964,0.789435948683044,12.0868103442022,42.1736206884044,58.6313932568063,2,"hierarchical"
"kk82Zwq8qB3EPZDqz",1.99999676396877,0.576845245528736,4.91210550789158,3.27768395216883,0.75875961096001,0.467461005837561,0.843704352365646,0.624653937666305,0.87653834047719,11.7506323195438,41.5012646390876,58.7094716879409,2,"hierarchical"
"KQ3vR5FMgLmQFvHYY",1.05913723683116,0.239503413321079,4.73921525889456,4.44023179215769,0.601245751136693,0.547415604838028,0.99,0.981667960717602,0.820670087891161,15.7755854898141,49.5511709796282,66.3919800777992,3,"hierarchical"
"KRjcZ7HM83rHBHa2z",1.87665159785721,0.400942471321417,4.91347318317761,4.28083016687824,0.675797087766344,0.5015905162075,0.839968725431202,0.433260946254338,0.860733206843408,9.78381439700134,37.5676287940027,53.8275912019356,3,"hierarchical"
"KrMKd9t6wHWcie5KY",1.74715596096519,0.262820522329994,4.16225240275923,4.32499975315068,0.589777254136888,0.605577691418521,0.960078827220242,0.917469853866676,0.7243595936102,13.6226498696522,45.2452997393044,62.4535067881577,2,"hierarchical"
"kS3ZuehqRYQaatj7X",1.41908347207465,0.174811841474021,4.19445749900973,4.36387090098486,0.667535731637977,0.549347464955644,0.983537899931042,0.925159382665593,0.928898482536681,15.9010032271371,49.8020064542743,67.0102135031276,3,"hierarchical"
"KsdrRF8ja8FFhws5f",1.98451145196704,0.421238433111926,4.31008931160135,4.44139782704818,0.206405853565514,0.582244518948251,0.754436650554994,0.99,0.855850780975209,14.1018090545706,46.2036181091413,63.4118251579946,3,"hierarchical"
"KyRPNfTRmBvPMrHqq",1.94045757271649,0.287226441314404,4.29291493596654,4.2991074921934,0.503015488849494,0.424020405347352,0.942321069224541,0.704516518699948,0.618245598698414,11.2827962480336,40.5655924960672,57.4064015942382,2,"hierarchical"
"LEGhKb3RP6EcgEKvX",2.06504019283375,0.344842631717188,4.72819921846014,4.74303634502528,0.756320855933686,0.495378079289379,0.99,0.917276091548027,0.899340721646026,15.1552617186855,48.310523437371,65.5187304862244,3,"hierarchical"
"LpjrYMB38ej53iybS",1.99119461401614,0.24921229539123,3.57204060689612,4.30188864139744,0.559414255771117,0.592152817690539,0.725161795360789,0.75918203109301,0.785564845219193,10.1269342808447,38.2538685616893,55.2802512446849,2,"hierarchical"
"LrdehovdoeNoYXHvL",1.9921458150561,0.276367682522774,4.36252277049596,4.5173941912926,0.758299078510613,0.63783861510425,0.93233643421195,0.965583334216074,0.913354031389404,15.5103292475802,49.0206584951603,66.2288655440137,3,"hierarchical"
"m7jzbNcshmJ7ZZEwp",1.73062229194446,0.276287565901034,4.49948527054907,4.65688187942932,0.53689126881566,0.537992509912662,0.973941303951096,0.99,0.768349662881882,14.5868360392664,47.1736720785328,64.2000547615284,3,"hierarchical"
"M85ajvswFgHgYCgpD",1.8740741130145,0.299074043318601,4.57736227493594,4.66315839639582,0.665242266358766,0.502556993368238,0.971970547054782,0.948129555842941,0.803161771931614,14.3730440815717,46.7460881631435,63.397416578534,3,"hierarchical"
"MBh52GAaDc7XcK7fu",1.99948405694892,0.37899728633034,2.78451944137458,5.16458161955376,0.422389507292731,0.52765111681753,0.634098874277159,0.581546180618283,0.569905892811205,7.7241311222626,33.4482622445252,50.6564692933785,2,"hierarchical"
"MDfLeY4zbfLsLWT97",2.00000296841081,0.302988400058154,4.13345044600601,4.1182315713889,0.517503330396785,0.507417241399012,0.431341307411931,0.397212815510097,0.584775415620031,2.68409695279571,23.3681939055914,40.5764009544447,3,"hierarchical"
"mFsazycX7sAsp9h25",1.95026142527749,0.424627693956368,3.60000554553141,4.19675612305804,0.536470915406938,0.516400515621952,0.743937556650685,0.93116972763636,0.678580338006151,11.057720528928,40.1154410578559,57.3236481067092,2,"hierarchical"
"MozhHaQ4szyqQu5eq",0.644736207181669,0.479832072560021,3.95952146630891,4.09714397704019,0.510336549919998,0.537884218384574,0.855870812898614,0.739038731863464,0.628050550877204,12.5700541187792,43.1401082375583,59.7914366529488,3,"hierarchical"
"msdLxvzuFuBEfwHNP",1.99993082835138,0.213062804263894,4.06216397334874,4.18568962988873,0.537185476548489,0.0148922564084233,0.435178827507639,0.776330138233325,0.657659103275215,7.94096642858142,33.8819328571628,51.0901399060161,3,"hierarchical"
"mtSNnmY4epZtXbxjF",1.99375902468562,0.214878026226005,4.51166757480283,4.35507674500704,0.555477143333706,0.585038277211225,0.890620789139047,0.939781721560151,0.94318167949327,14.5934083236578,47.1868166473157,63.4467790552486,2,"hierarchical"
"MXMDFz7DphghwASKG",1.58986678061251,0.277155076463379,4.70359246971984,4.38242254440675,0.523881172805926,0.558378079553945,0.99,0.978544023204451,0.747167338261581,14.7956181538464,47.5912363076928,64.0490088760947,3,"hierarchical"
"N2RXRFHQ2rhtDakGM",1.99663096496895,0.636258168555567,2.8939950077932,3.05317319118534,0.546709012949629,0.517085659709293,0.767171427236772,0.738397049659253,0.645989391463008,10.057009160401,38.114018320802,55.3222253696554,2,"hierarchical"
"n3MHhgEbesYtmt2kn",2.05167673820538,0.268325745162528,4.70823511429561,4.38438306740492,0.774415033485229,0.529518590912585,0.99,0.922715657098731,0.894780703472164,15.3473173953148,48.6946347906295,65.9028418394828,3,"hierarchical"
"n3NfFKtoPnhZpasBC",2.00217594408144,0.651214459095183,2.24832020968982,4.07722907216208,0.516227309924561,0.550351096824995,0.591490357643459,0.881452900962665,0.853094774997689,11.1493046710855,40.2986093421709,57.5068163910242,2,"hierarchical"
"N5ZHcAxKkpfLMLkK2",0.20346025547922,0.231258737780647,4.5234549074325,4.39908333702519,0.552582409070628,0.702963073787473,0.953183262793742,0.99,0.926921568935723,17.7082524354869,53.4165048709738,70.4428875539695,3,"hierarchical"
"n9aaRzPoqbYJ6PBxf",1.54707949754326,0.338600346042736,3.6828404282115,3.7617390159085,0.524368531305943,0.523928182829258,0.447339274599402,0.931068625462216,0.603897085957063,8.48588356957798,34.971767139156,51.9981498221516,2,"hierarchical"
"nCh2LGBiZh9Zbacqh",1.42906232160292,0.281338426603275,4.12969485405591,4.29353556249294,0.570279616506267,0.616493849457461,0.970187737801264,0.99,0.821248149043062,15.7136706791443,49.4273413582887,66.635548407142,2,"hierarchical"
"NdwuaTz3c455EDcMR",1.58953078521748,0.225987589105033,4.3104485878087,4.10785066256975,0.650372309544465,0.742035578982743,0.954391648318495,0.961083698444207,0.892760001455263,16.2874560146017,50.5749120292035,67.6012947121991,2,"hierarchical"
"NFBuuZTCH8LQ2kWCB",2.00001287572231,0.334626113165792,4.01356017644046,4.34385079263173,0.511472608850799,0.557168086343604,0.824346959181095,0.92755809837111,0.632695130892927,11.0803232261333,40.1606464522665,57.0014555504376,3,"hierarchical"
"nhHityYuFwTypnDnG",0.256842761094142,0.242275020895597,4.59342923868111,4.96462854272435,0.431133931359919,0.950098326475025,0.972644224725365,0.99,0.874969792949983,18.5536189309437,55.1072378618874,71.9480469600584,3,"hierarchical"
"nofYosxEPLN62DENK",1.26924960622382,0.28621674176886,4.51540286139583,4.34566869405927,0.562656013399594,0.49537645302381,0.98512707873408,0.890812515104559,0.622382617607717,13.2434395847834,44.4868791695668,60.3376802108089,3,"hierarchical"
"NtML36DS3EbbMyQme",1.49487593700148,0.208130383871812,4.63742038088831,4.40169670673514,0.546407089238553,0.72632086991374,0.99,0.99,0.810453844248205,15.9522948462158,49.9045896924316,66.5559181078221,3,"hierarchical"
"nzAZFfjoyKnjRsrFS",1.87573104485376,0.400378558191336,4.29622210925549,4.37742146400299,0.614478915305271,0.518391945599926,0.958261394716587,0.968046167198736,0.718656085830163,13.8253827990194,45.6507655980388,62.6771482810345,3,"hierarchical"
"otzGMAMYTaNM4DdPn",2.00005580702325,0.291647332162218,3.85105965551191,4.40083250777342,0.220630951430029,0.53572527633735,0.826911711732254,0.95861617790761,0.643199488346582,12.1742906788123,42.3485813576247,59.1893904557957,3,"hierarchical"
"p9Pc7iimdmsm2sGzM",1.88099523526971,0.417305067775,4.77318169183209,4.40131834732211,0.632516970608029,0.583119286785046,0.99,0.741016674334187,0.765804114256224,11.6447195193481,41.2894390386962,57.7472116070981,3,"hierarchical"
"Q33ZkhGogK54Yiad6",2.00722333817068,0.368021952813198,4.43092143945552,4.46978646801874,0.48529970847605,0.55306625323744,0.924049730632465,0.96210239336272,0.726455074001106,13.0868194901711,44.1736389803423,60.0244400215844,3,"hierarchical"
"Q9yqtaGi2EPt3hwfa",2.0304954682374,0.445394047326255,4.5618136391305,3.79318785088933,0.563069551751664,0.537668687314156,0.909296982691628,0.834369544311361,0.84540110116657,12.7090936991632,43.4181873983263,60.2589964964974,2,"hierarchical"
"qc9nsRDra6Y5AbpGC",0.317030977836555,0.556837075247505,2.77469373560099,4.42876534882705,0.568099552169455,0.444392247610484,0.756273917326477,0.930445312543508,0.905349288295626,14.5889239149922,47.1778478299845,64.3860548788378,2,"hierarchical"
"QEkygPKFDHX8dTovL",2.00459258048993,0.388640576687882,4.34002526008801,4.64061520529009,0.504745548840147,0.492116587686686,0.903919007929994,0.96120576530442,0.584100882269847,12.1355904290489,42.2711808580978,59.1119899562688,3,"hierarchical"
"QiAFXTGpSRyku26si",0.311515653158488,0.166168419151898,4.71463966479615,3.89328646380989,0.543554942672167,0.587005522347215,0.474752359732063,0.938574129200455,0.660575663553329,11.0185706661528,40.0371413323056,57.2453483811589,3,"hierarchical"
"QphCK7XfX4oCrjvww",1.8639962616921,0.31832036185624,4.51464857426658,4.52658997117807,0.539616964682306,0.514154436769633,0.977553534629647,0.99,0.613767179302404,13.7468846416061,45.4937692832123,62.3345783813833,3,"hierarchical"
"QT7mxdnWgS9W97t2H",1.99081640643418,0.37030286908619,4.38312292692202,3.99233169358546,0.497115129401419,0.580696303329356,0.901337389106953,0.86063071249938,0.717787105392539,11.8274749904727,41.6549499809453,58.8631570297986,2,"hierarchical"
"QwxrtX6nKnEXWhPim",1.93318401558723,0.294961753914947,4.65237042975518,4.35631116925413,0.543727806484347,0.769122631714947,0.964206259997165,0.99,0.883258862283411,15.8380892634988,49.6761785269976,66.8843855758509,3,"hierarchical"
"r8A8dnypXvzzDjC9A",1.63913170338429,0.451172373560504,0.173950460570823,0.1,0.50002041869406,0.499739636392676,0.374803820641469,0.476510460025931,0.615861966701254,7.95995012199261,33.9199002439852,50.9462829269808,1,"hierarchical"
"RAnPiw2wuw8cPAnZM",1.8563302501752,0.192094790715552,3.80690943334797,4.14468411572084,0.622658124954116,0.543766523473861,0.858443549781675,0.934216189164643,0.698190257320765,12.9577639049493,43.9155278098986,60.7563369080696,2,"hierarchical"
"rCALFNNX4fFAWXKF4",1.76711045729651,0.168647867422908,4.18201674871414,3.48909702645015,0.542041829727613,0.532212524892465,0.712506628095054,0.79864567522622,0.905529087076762,11.3618609182747,40.7237218365494,57.9319288854027,2,"hierarchical"
"RFCGABXPtqyCd98Tm",0.832240713768851,0.379237928607862,4.0038883563317,3.21985865441342,0.559654108360636,0.558522633598829,0.957369751604247,0.890214256949597,0.900319796305829,15.5499370973645,49.099874194729,66.3080812435823,2,"hierarchical"
"RnGhGAoxgGGCzXdNR",2.00476542261817,0.380446444106973,4.43303899142072,4.60637131141562,0.54256452017559,0.5403639807379,0.879538552767742,0.979576012422004,0.653454558514121,12.4138885876477,42.8277771752955,58.8854838805598,3,"hierarchical"
"rRaFaEeBvfwz5YYyz",2.17494913970837,0.314429922958635,3.76563669237798,2.74058170306663,0.489595249682455,0.550702298056398,0.830679932737485,0.829132876051522,0.552757021719062,10.8266831100315,39.6533662200629,56.8615732689163,2,"hierarchical"
"Scejxx5jwQ4pGjsdH",1.78181277044994,0.265066162970967,4.25331472185753,4.39487311433989,0.568852815788797,0.41000792346573,0.959064529070699,0.981500063418328,0.683073571318019,14.1774621901527,46.3549243803054,63.1957334784764,3,"hierarchical"
"Suf75kfKvqyAqe5a5",1.21829788579499,0.149177708358463,4.43214796271624,4.48572930590271,0.600164561921947,0.754514106125847,0.965389926574517,0.99,0.913919301594139,16.8776285237053,51.7552570474106,68.9634640962639,3,"hierarchical"
"svtP9WMjEcd9CBpsP",2.00047781226282,0.269564257255942,4.56330309781362,3.7808190796767,0.442842346769014,0.513966385215411,0.847305122343551,0.430530865900812,0.552413820371531,6.85112634729412,31.7022526945882,48.3535811099788,3,"hierarchical"
"sxpHgkezZ7Az2shHq",2.0090001313357,0.219804245329825,4.73295241903857,4.77233246789848,0.506680529407459,0.557810607061138,0.912693547913013,0.99,0.806853084079188,14.0600350685795,46.1200701371591,63.1464528201547,3,"hierarchical"
"t3QxQ6jXii72iYCJs",1.55581854342563,0.284747885894885,4.57761456963624,4.35934646626955,0.546148955512367,0.553574345169592,0.969940882984873,0.99,0.889557112212735,15.7552530578071,49.5105061156142,66.7187131644675,3,"hierarchical"
"tchBBCWaoktNqcDJQ",0.825037320620316,0.266586616164489,3.77021079392538,4.72317768724321,0.563117179813077,0.548974088024818,0.928713570136187,0.99,0.811964007784414,15.1946980025859,48.3893960051717,65.5976030540251,3,"hierarchical"
"tH64wBxa8PTJXp898",1.99832812880501,0.37435305363749,4.53058025209418,4.45021249824002,0.503647048168293,0.54713200546921,0.910113777105119,0.908723948092553,0.636661500266415,11.7988594439727,41.5977188879455,58.4385279861165,3,"hierarchical"
"tHGcfndE9oTaQrbZo",1.99999973581199,0.256494941241964,4.33043295335559,4.19401724082555,0.501615234455897,0.50775743000945,0.490588877328336,0.395793498695817,0.571552379484305,3.31608174569783,24.6321634913957,41.6585461743913,3,"hierarchical"
"TncHr8XzgrSsm9bhr",1.73059219222671,0.243244921126609,4.67455802816999,4.28922639496922,0.590429463277357,0.577663886437954,0.958609847719042,0.915002644504684,0.707333643952342,13.1221364083202,44.2442728166404,61.4524798654937,3,"hierarchical"
"Tomg5iun2wXdEtrGb",1.64323262261127,0.244301755251708,4.31401148502263,4.75486838170727,0.638328463475098,0.503878013562291,0.939195406708548,0.99,0.80541818792021,14.705488610637,47.410977221274,64.4373599042696,3,"hierarchical"
"TPPSGrBR4EcTzdYCc",1.68499651118367,0.22601453766115,5.12352614670015,4.09590768241106,0.562185869403252,0.516132089013913,0.63797920317547,0.410995528387332,0.716061930560114,7.0354033549384,32.0708067098768,49.0971893928724,2,"hierarchical"
"ttDSiPLpEcCMkfJCN",0.0942901316405183,0.40096914325604,4.26432934943804,4.22392563254315,0.527477809874047,0.528507652282573,0.957088922262403,0.871121525982592,0.751497825958198,14.9872371990441,47.9744743980881,65.0008570810838,2,"hierarchical"
"u4HsniGxweJKnaE3J",1.97031464797753,0.301422654211921,4.38545610203096,4.56810716201691,0.5247678348089,0.596903156414833,0.932198191281233,0.923767922683657,0.658999462498234,12.6700879202212,43.3401758404424,59.6001382483753,3,"hierarchical"
"uf3savX4JPbojL3W4",1.94353522310165,0.359372907506805,4.25060762060652,4.37151075707291,0.546852193204513,0.575598413006677,0.892718199020326,0.949062310986948,0.876112037176245,13.9430362679969,45.8860725359939,62.7268816341649,2,"hierarchical"
"uo7uXGZ3yDjDijhvn",1.83956284436545,0.242912404401314,5.30936190551399,4.75349321868097,0.527315656485798,0.30362016915435,0.503836114612633,0.99,0.778623979293049,12.3692962680266,42.7385925360532,59.7649752190488,2,"hierarchical"
"up72PaREeYvSt8NGC",2.0009947563685,0.299787318396798,4.32540037747195,3.90074354194545,0.520528633585105,0.314830171307873,0.934034486043842,0.898445000013504,0.541403674129777,12.5604327339609,43.1208654679219,59.9616745660929,3,"hierarchical"
"uySJDtSAH7NTwzChc",1.94107840681115,0.272950251829313,4.33789465198731,3.50451154578075,0.537462450997193,0.529830764604665,0.89560558300213,0.662748418810848,0.654666478308621,9.58422362061378,37.1684472412276,53.8197756566181,3,"hierarchical"
"v3C8m3hrGBFw7C6yR",1.92235455202448,0.360832894190514,4.44691339789443,3.97378743209637,0.512391030656867,0.514328978785005,0.782059982231886,0.423258918637422,0.493451718966438,5.70167873027113,29.4033574605423,46.2441665587133,3,"hierarchical"
"v3nJGaFTLZeP9a8Wf",1.98065216656376,0.197481329509339,4.22106140931086,4.4954508433742,0.580629311500463,0.516321205440132,0.763696311635929,0.957794833963618,0.811884516261766,12.0398634019757,42.0797268039514,58.7310552193419,3,"hierarchical"
"vqYFpsi2erDcHcAvs",2.01271997295445,0.308542301494313,4.50471543213406,4.54362015449184,0.73550389261443,0.526982275443105,0.984375209494951,0.932069222489669,0.873244245528242,15.0312345602095,48.0624691204191,64.1201758256834,3,"hierarchical"
"vXitrhFTWWXoGhLQS",1.55325752481989,0.200678239240471,4.35860016963937,4.28158380119969,0.530224744196963,0.498964123407487,0.97144793152715,0.949284199790436,0.796441757735698,14.7618679545032,47.5237359090064,64.3645450071774,2,"hierarchical"
"WcpFWD3sn2dnt7ruN",1.26217901798987,0.18653926916721,4.2674470435676,4.40113966630912,0.680446940155517,0.684074598077772,0.915152476706578,0.960987807192884,0.869530172862967,15.4509970440818,48.9019940881636,66.1102011370169,3,"hierarchical"
"wG6QjNWp5mYqNWuBF",2.35727951633284,0.295948421841243,3.4354632855019,4.08954147310519,0.548436238945877,0.472305211148888,0.511901278104112,0.86579025373468,0.601949542268877,7.82470077682692,33.6494015536538,50.8576086025071,2,"hierarchical"
"wkP56uZ6uxtoZWvEx",1.09841752996952,0.221377071926778,3.71980548459638,3.81033299736639,0.507419380506615,0.540235305832251,0.753882216708039,0.870077977772475,0.829494798199652,12.2849849345558,42.5699698691115,59.5963525521071,2,"hierarchical"
"WPFaEtA7nyZHg4Y47",2.03993750135368,0.239965503070224,4.39968208493987,4.49135955440951,0.605333329103621,0.517490739275612,0.926985511425725,0.950486361216915,0.606654338203624,12.6580386101064,43.3160772202128,60.1568863183838,3,"hierarchical"
"WqjyipyHYQTFDgpma",1.84918993372122,0.238816239162444,4.59831760604247,4.20554940077593,0.576999132580966,0.559982339695341,0.98195457807517,0.968023821007696,0.669352951016913,14.1030164284869,46.2060328569738,63.4142399058271,3,"hierarchical"
"wrfmh8v8Ndz7y92Zi",2.01774912759165,0.238040509585052,4.20859629069943,4.68927492053909,0.676205294638019,0.513486337763651,0.943101765769223,0.966626499078045,0.869922704881012,14.8817693058551,47.7635386117103,64.7899212947059,3,"hierarchical"
"wRYnMSayjZKRGqRqt",1.71134217066428,0.259990756430837,3.91681884212261,3.96173508638716,0.512690131617701,0.515078098772991,0.413051875148507,0.409082642342898,0.590458543666506,2.95483053754737,23.9096610750947,40.9360437580904,3,"hierarchical"
"wsZzoe3S4epTeQauL",1.9872330651702,0.418214488668656,3.84645001696315,3.97289439658209,0.539135897177518,0.582655425884836,0.85042639098182,0.865420909436272,0.671613380425525,11.3426370859688,40.6852741719377,57.893481220791,2,"hierarchical"
"XegK3ZL8buDE4txYG",0.0530998653191635,0.383362190938444,3.91612490755802,3.43313720056856,0.600044738136985,0.553184049777682,0.982288242547394,0.887307507383425,0.810435715905364,16.1815813489137,50.3631626978274,67.5713697466807,2,"hierarchical"
"XH98XuvMaGixN3eSp",1.99845677100548,0.251691569658857,3.80562472618583,4.21004480755509,0.533863412617052,0.598721644837614,0.436845548571571,0.711080810879975,0.581550897875461,5.43980807820962,28.8796161564192,46.0878232052726,3,"hierarchical"
"XQeKZ56cpS9nyygnL",1.67278382257422,0.242869337211749,4.47856636005529,4.52171559017,0.629400206179369,0.504594597793978,0.980060274962616,0.361275599716269,0.716124180606282,8.85605819420931,35.7121163884186,52.9203234372719,3,"hierarchical"
"Xs8SR4fz3z2r8oZMn",2.16412859499065,0.305432587267817,4.38305380898174,3.76418219495445,0.51128493163188,0.513812877381495,0.55402766577931,0.420627895194199,0.594465831361846,4.57923582130068,27.1584716426014,44.3666786914547,3,"hierarchical"
"xwzqYG2ZvEjx6mhJ5",0.01,0.549904976118093,4.08474731011113,3.03855236375654,0.616124258701106,0.545965964039019,0.970753157341988,0.702478129851658,0.926217737361462,15.303266614527,48.6065332290541,65.8147402779074,2,"hierarchical"
"yCHzWTjvx5F5HfJwd",1.99375735735546,0.2573111257149,4.45332311031524,3.92395030624745,0.565083175182923,0.5060221951134,0.888775907076727,0.899542000251446,0.547590947059085,11.5709093112388,41.1418186224776,58.3500256713309,2,"hierarchical"
"YcSSS9cB9GAyueBcA",2.01397877879843,0.206500893171088,4.31815101758936,4.47387159522687,0.540815162975145,0.48356003823975,0.935885089231741,0.944473973011836,0.744799776181206,13.6637489413956,45.3274978827912,62.1683069809622,2,"hierarchical"
"yerbgPdoxYmef2g9C",1.091859455789,0.524085082985205,3.70287643204501,3.74101838739899,0.562347246798645,0.759476258717422,0.957313107835784,0.804416047684118,0.808139073960354,13.7513927245161,45.5027854490321,62.7109924978854,2,"hierarchical"
"YhxDftyhYzoMQY8bk",1.77750793559807,0.23447891467926,4.51062900599713,4.76396069536296,0.558995657108466,0.669510320466906,0.925734270848648,0.99,0.882441878775326,15.1610061376394,48.3220122752789,64.1728133165209,3,"hierarchical"
"YNKzunS5xPmBze6ea",1.59147602116214,0.149695197024446,4.24693178946932,4.57862395917087,0.57975086397041,0.562598235651129,0.962395695781145,0.952671035934675,0.766228184436628,14.4293956757763,46.8587913515525,64.0669984004058,3,"hierarchical"
"Ypev43WHEFDqHzLbZ",0.899306541409216,0.241013922848888,3.97705142291578,2.63960735519623,0.489605594502012,0.54295367361081,0.572553544417768,0.630028954748381,0.601788150097364,8.12843882517814,34.2568776503563,51.2832603333519,2,"hierarchical"
"YWYrb3pQagdr9GHZy",1.95674422217837,0.241327710908619,3.92202347642256,4.48009117198997,0.832952145793092,0.698579656859047,0.947010384763037,0.875523825402547,0.762250409441727,14.7531202017848,47.5062404035696,64.7144474524229,3,"hierarchical"
"ZbKdYEBcyQRYYRZRd",1.98677921616346,0.414132678465585,2.17014492245118,4.09304605927338,0.524028874601334,0.585677791919569,0.649840218760764,0.859551470255512,0.695004304793889,10.087418275572,38.1748365511441,55.3830435999974,2,"hierarchical"
"zgoFBo6m4D8jZDPFE",2.02825359944221,0.165198948246394,3.90442325059092,3.94553263776528,0.45517358331063,0.636493556037445,0.86658906593557,0.931361552661778,0.809463523664905,13.7805491229532,45.5610982459064,61.8210606538392,2,"hierarchical"
"Zy9TbjSysyttPJkfj",1.95071855676885,0.2650258395439,4.42628383605339,4.0590443032135,0.576881460053968,0.646333130989287,0.976754391672133,0.891733375585239,0.80274748230467,13.9789170467837,45.9578340935674,62.7986431917384,2,"hierarchical"
